total_population,pct_age_25_45,median_age,median_hh_income,pct_income_over_100k,median_home_value,homeownership_rate,vacancy_rate,pct_single_family,pop_growth_rate,home_value_appreciation,new_permits_per_1000,unemployment_rate,pct_bachelors_plus,avg_commute_time,high_potential,region_Midwest,region_Northeast,region_South,region_West,area_type_Rural,area_type_Suburban,area_type_Urban,pct_income_over_100k_missing
15129,3.2808424908424882,39.8,78433.0,1.5087544483985784,187147.6240875913,73.28,1.0,71.78,-1.0640851851851854,5.979,3.4,1.59,15.13,30.3,No,1,0,0,0,0,1,0,0
5246,-0.9257352941176507,45.7,43425.0,-16.638472906403948,-158031.2388059703,62.37,28.07,69.89,-2.117505,9.083,7.9,7.25,5.0,,Yes,0,0,0,1,1,0,0,0
17433,-10.009157509157511,34.9,75579.0,-1.4412455516014226,-45714.375912408694,72.21,1.21,74.29,3.027033916666665,5.117,7.9,6.65,5.0,47.6,No,0,0,1,0,0,1,0,0
20484,-5.5291575091575105,43.5,56860.0,-7.661245551601422,-171030.3759124087,79.62,16.13,49.99,-0.8900851851851853,5.634,5.7,3.14,5.0,33.3,No,1,0,0,0,0,1,0,0
19768,-2.1757352941176507,33.8,42315.0,-3.0184729064039484,-294358.2388059703,57.79,20.32,40.37,-0.6935049999999998,8.549,2.4,6.65,5.0,31.8,Yes,1,0,0,0,0,0,1,0
28468,1.7908424908424863,38.6,116765.0,11.408754448398577,,85.2,17.16,54.68,,0.367,0.1,15.0,5.0,40.2,No,0,0,1,0,0,0,1,0
23950,4.580842490842485,38.2,110624.0,12.798754448398578,231312.6240875913,46.96,3.39,35.78,0.03291481481481462,6.561,52.7,10.39,,32.0,No,0,1,0,0,0,0,1,0
18424,2.000842490842487,43.8,70433.0,-0.6212455516014224,115414.6240875913,56.36,19.92,83.18,0.5689148148148148,4.965,43.1,4.1,5.0,17.4,No,1,0,0,0,1,0,0,0
12719,-1.8591575091575123,38.3,103755.0,6.218754448398579,159876.6240875913,41.07,17.43,67.89,-0.9050851851851853,6.698,9.9,3.16,14.8,20.7,No,0,1,0,0,0,1,0,0
4176,3.8542647058823434,41.2,142365.0,17.111527093596052,476230.7611940297,66.57,5.89,61.42,-2.864505,3.55,79.6,6.05,26.73,46.3,Yes,1,0,0,0,0,1,0,0
18046,-0.8391575091575092,36.6,95218.0,,97932.6240875913,33.18,5.22,35.49,1.2339148148148147,2.546,16.8,15.0,29.12,20.9,No,0,0,0,1,0,0,1,1
15450,-0.2491575091575129,44.0,86498.0,5.498754448398577,147111.6240875913,69.46,10.72,89.06,-1.0280851851851853,5.422,1.1,9.82,24.0,33.7,No,0,0,0,1,1,0,0,0
16156,8.084264705882347,34.5,78404.0,-10.388472906403948,33851.76119402971,87.99,9.13,93.22,-2.5645049999999996,9.948,1.9,11.34,5.0,18.1,Yes,0,1,0,0,1,0,0,0
5465,-7.219157509157512,42.2,91796.0,4.868754448398578,-18282.375912408694,71.61,,15.07,-1.2170851851851854,7.583,37.2,10.9,12.97,40.8,No,0,1,0,0,0,0,1,0
6268,-0.07915750915751119,38.9,64384.0,,-71368.3759124087,61.28,20.2,31.5,0.5049148148148147,3.477,14.9,13.33,19.63,,No,0,0,1,0,0,0,1,1
27923,-2.045735294117655,42.9,66381.0,-8.708472906403948,-62525.23880597029,41.99,18.48,48.7,0.9434950000000004,0.977,27.8,9.73,5.0,,Yes,0,0,1,0,0,0,1,0
12994,-0.6291575091575154,43.3,85631.0,5.888754448398577,-76438.3759124087,83.45,2.57,41.83,3.027033916666665,-0.046,34.3,12.44,15.61,25.7,No,0,0,0,1,0,1,0,0
21526,-2.2191575091575118,41.9,61953.0,-1.471245551601422,-82094.3759124087,84.36,16.14,79.25,-0.7910851851851853,8.948,8.9,15.0,,33.0,No,1,0,0,0,0,1,0,0
13627,-0.54915750915751,36.6,64342.0,1.278754448398578,-26880.375912408694,56.26,17.28,44.48,3.027033916666665,2.135,0.7,3.0,8.98,29.7,No,0,1,0,0,0,1,0,0
13640,-1.8091575091575116,38.3,73135.0,5.158754448398577,153293.6240875913,35.83,6.97,38.4,-1.3480851851851854,4.023,3.1,15.0,11.62,37.1,No,0,0,1,0,0,0,1,0
25765,3.8942647058823496,34.1,109394.0,4.781527093596054,104938.7611940297,63.39,30.0,56.11,1.2234950000000002,8.964,1.0,14.45,16.36,34.6,Yes,0,0,0,1,0,1,0,0
9309,-10.859157509157512,36.4,49196.0,-10.791245551601422,-49372.375912408694,62.87,7.94,38.5,-0.7820851851851853,0.158,3.1,5.86,15.46,30.8,No,0,0,0,1,0,0,1,0
14289,-0.8757352941176535,42.4,95388.0,-7.958472906403948,20132.761194029707,64.71,5.97,20.37,-2.685505,9.477,7.9,6.0,7.7,,Yes,0,1,0,0,0,0,1,0
9666,-0.2691575091575089,39.0,96483.0,16.12875444839858,239254.6240875913,74.81,5.57,76.04,-0.8290851851851853,4.239,1.9,10.67,17.77,35.0,No,1,0,0,0,0,1,0,0
9856,3.0508424908424914,37.9,96281.0,14.078754448398579,160604.6240875913,42.76,28.48,73.47,0.5559148148148146,1.554,2.7,11.7,34.41,24.0,No,1,0,0,0,0,1,0,0
10759,-1.3357352941176543,43.3,,-5.588472906403947,-69920.2388059703,50.28,11.76,88.49,0.2164950000000001,4.258,8.9,10.46,9.4,23.3,Yes,0,0,0,1,0,1,0,0
15607,-4.789157509157512,39.9,40439.0,-3.0412455516014223,-169757.3759124087,83.59,9.49,24.29,2.0009148148148146,2.832,6.2,5.0,5.0,43.5,No,0,0,0,1,0,0,1,0
9555,4.190842490842485,36.1,88955.0,4.338754448398577,124341.6240875913,48.87,4.84,57.02,-1.2270851851851852,6.322,9.5,15.0,18.21,35.1,No,0,0,1,0,0,1,0,0
32177,-8.319157509157513,41.7,78091.0,-2.761245551601423,73521.6240875913,47.89,21.01,25.67,,3.056,8.4,5.24,36.34,32.0,No,0,0,1,0,0,1,0,0
7142,-6.459157509157514,38.4,103936.0,2.4687544483985775,127785.6240875913,44.84,5.28,50.25,-1.1720851851851855,-0.735,15.5,15.0,18.88,20.0,No,0,1,0,0,0,0,1,0
11721,2.774264705882345,38.6,57228.0,-16.638472906403948,-226169.2388059703,70.44,6.01,75.98,-1.166505,4.338,41.5,4.68,14.74,,Yes,1,0,0,0,0,1,0,0
9820,-5.325735294117656,38.9,95419.0,11.501527093596053,-108921.2388059703,48.64,1.71,36.36,-1.3635049999999997,0.93,1.7,9.56,16.41,25.1,Yes,0,1,0,0,0,0,1,0
36786,5.034264705882343,35.4,105772.0,1.0915270935960528,-106518.2388059703,27.0,9.26,26.78,-2.8435049999999995,5.613,1.6,,21.7,23.5,Yes,0,1,0,0,0,0,1,0
15330,1.1808424908424868,37.7,70731.0,8.37875444839858,101789.6240875913,80.83,3.07,79.86,1.1999148148148149,1.439,28.7,8.09,9.4,24.9,No,0,0,0,1,1,0,0,0
27509,-5.345735294117652,39.7,84619.0,-3.0684729064039473,-96989.2388059703,51.48,7.71,81.97,,3.536,10.6,14.22,5.0,36.5,Yes,1,0,0,0,1,0,0,0
4722,1.230842490842491,39.7,83590.0,-1.4512455516014224,-36057.375912408694,64.29,17.76,75.38,-0.34808518518518533,5.548,21.8,4.06,17.14,43.3,No,0,1,0,0,1,0,0,0
16105,-1.0891575091575092,38.6,54857.0,-10.791245551601422,-31469.375912408694,62.14,7.26,54.46,-0.20608518518518532,4.363,3.6,6.96,5.0,39.1,No,1,0,0,0,0,1,0,0
24902,-6.505735294117656,39.3,88069.0,-5.198472906403948,-53947.23880597029,47.61,6.38,42.73,0.17549500000000018,5.751,26.5,9.89,11.39,21.9,Yes,0,0,1,0,0,0,1,0
14151,-5.439157509157511,41.3,129039.0,29.508754448398577,290768.6240875913,77.89,4.52,73.77,-0.4570851851851853,7.041,38.6,7.1,43.88,33.4,No,0,0,0,1,0,1,0,0
28165,7.310842490842489,37.1,73700.0,-7.811245551601422,-88538.3759124087,80.09,25.21,55.25,1.9989148148148144,1.526,15.1,1.27,10.21,23.1,No,0,0,1,0,0,1,0,0
9301,3.8808424908424897,38.8,43856.0,8.46875444839858,-57616.375912408694,50.69,25.97,68.4,,4.807,1.7,15.0,5.0,,No,0,1,0,0,0,0,1,0
35830,6.140842490842488,36.0,57496.0,-10.791245551601422,10791.624087591306,58.94,15.92,70.57,3.027033916666665,-4.989,33.8,9.9,9.28,27.2,No,0,0,0,1,0,1,0,0
66784,1.8608424908424865,42.3,39230.0,-3.9112455516014215,-104311.3759124087,58.07,13.62,42.74,,5.742,23.6,4.9,5.0,40.6,No,0,0,1,0,0,0,1,0
10363,4.434264705882349,37.4,114874.0,6.721527093596052,100644.7611940297,60.99,4.45,78.88,-2.183505,4.098,20.8,13.95,22.3,24.7,Yes,1,0,0,0,1,0,0,0
9780,-0.4091575091575095,38.5,95553.0,5.128754448398579,220495.6240875913,59.09,15.66,34.73,-0.5160851851851853,2.05,0.6,2.44,,36.3,No,0,0,0,1,0,0,1,0
36951,1.1608424908424908,40.5,61360.0,-10.791245551601422,-138154.3759124087,56.76,10.28,24.99,-0.36708518518518535,5.947,24.1,11.77,15.64,21.3,No,0,0,0,1,0,1,0,0
40364,4.724264705882348,36.7,44519.0,-14.888472906403948,-295796.2388059703,62.13,17.55,91.29,1.801495,8.518,2.2,9.2,,34.9,Yes,0,0,1,0,0,1,0,0
9264,7.290842490842486,32.5,54630.0,-10.791245551601422,-189292.3759124087,74.3,1.3,70.92,-1.8770851851851855,3.572,3.8,4.72,5.0,,No,1,0,0,0,0,1,0,0
9955,8.20084249084249,38.4,58489.0,-10.791245551601422,-44841.375912408694,62.13,,70.48,-0.6750851851851853,2.166,12.9,2.1,10.72,43.2,No,0,0,0,1,0,1,0,0
10968,-6.449157509157512,38.7,75985.0,2.538754448398578,8820.624087591306,85.16,3.17,61.06,-0.4620851851851853,5.495,4.6,13.59,30.85,24.9,No,1,0,0,0,0,0,1,0
5212,4.080842490842485,41.4,75095.0,-3.7812455516014225,23339.624087591306,51.29,7.31,61.66,0.6299148148148147,0.993,16.2,6.38,5.0,22.6,No,0,0,0,1,1,0,0,0
7022,2.484264705882346,36.9,116949.0,22.01152709359605,-76549.2388059703,73.38,8.48,61.27,-1.4855049999999999,3.019,14.1,15.0,29.31,42.7,Yes,0,1,0,0,0,1,0,0
6615,4.890842490842488,40.7,57384.0,3.7687544483985764,,59.58,11.4,67.04,-2.3210851851851855,8.667,1.7,1.22,11.03,22.2,No,0,0,0,1,1,0,0,0
7805,3.5742647058823493,35.4,43136.0,-0.9584729064039479,-177581.2388059703,57.34,14.56,90.43,-1.7435049999999999,5.187,16.0,15.0,7.32,30.1,Yes,0,0,0,1,1,0,0,0
13039,,36.7,48779.0,-10.791245551601422,-124833.3759124087,67.93,21.38,42.83,0.46191481481481456,-0.638,38.6,15.0,13.7,22.3,No,0,1,0,0,0,1,0,0
15739,-5.199157509157512,45.1,72543.0,1.5887544483985785,72551.6240875913,69.56,6.44,83.65,-0.5950851851851854,-0.391,2.6,9.18,7.87,37.2,No,0,0,0,1,1,0,0,0
39551,-1.3491575091575143,39.5,56667.0,-10.791245551601422,-134728.3759124087,73.11,18.71,14.24,2.0349148148148144,5.486,13.6,7.41,8.19,41.0,No,0,0,1,0,0,0,1,0
6641,7.554264705882346,34.4,66025.0,-9.638472906403948,-18062.238805970293,68.32,13.4,38.52,0.8954950000000004,7.587,6.3,6.1,,21.3,Yes,0,0,1,0,0,0,1,0
26609,2.20084249084249,41.2,62385.0,-1.8812455516014222,-23554.375912408694,89.01,1.47,35.88,0.5039148148148146,0.147,9.2,8.51,5.0,33.5,No,1,0,0,0,0,0,1,0
11501,-10.489157509157511,44.9,103423.0,11.388754448398577,,54.15,8.66,44.35,1.1219148148148146,6.349,5.1,9.18,22.94,,No,0,0,0,1,0,1,0,0
12905,-9.519157509157512,41.1,59549.0,-3.891245551601422,-122514.3759124087,54.42,26.32,64.87,-2.8793549999999994,8.991,6.6,5.16,5.0,29.3,No,1,0,0,0,0,1,0,0
21426,1.1908424908424848,33.5,64082.0,-1.6112455516014226,-4319.375912408694,44.29,20.76,32.78,-0.18108518518518535,10.664,0.4,14.75,26.82,43.3,No,0,0,1,0,0,0,1,0
6088,-0.41573529411765264,36.7,93999.0,-16.638472906403948,163162.7611940297,40.34,8.21,79.71,1.0664950000000002,5.994,59.9,3.17,10.92,43.2,Yes,0,0,1,0,1,0,0,0
17460,-2.8591575091575123,42.8,60009.0,-1.3612455516014226,-77754.3759124087,52.99,11.11,76.69,-0.18608518518518535,6.52,14.7,15.0,5.0,,No,0,0,1,0,0,1,0,0
15010,1.2808424908424882,37.2,84806.0,8.198754448398576,-15507.375912408694,76.2,16.73,42.11,-0.8140851851851854,-1.4,10.4,5.35,24.91,40.1,No,0,0,0,1,0,0,1,0
18858,-8.845735294117652,41.0,82126.0,8.35152709359605,100306.7611940297,75.1,18.74,73.67,3.027033916666665,11.299,7.3,9.11,5.59,33.1,Yes,0,0,0,1,0,1,0,0
16357,-2.995735294117651,37.3,76850.0,,5395.7611940297065,58.19,12.29,51.98,2.6944950000000003,3.274,11.6,10.95,5.0,30.4,Yes,0,0,0,1,0,0,1,1
74511,-9.789157509157512,37.0,,-7.851245551601422,-121926.3759124087,69.68,7.39,81.22,1.5959148148148143,2.2,7.2,4.12,8.67,25.7,No,0,0,0,1,1,0,0,0
8549,0.4742647058823479,36.2,112467.0,15.971527093596052,126003.7611940297,74.98,,24.19,1.3344950000000004,4.234,6.7,4.41,33.94,13.2,Yes,0,1,0,0,0,0,1,0
9212,-0.3957352941176566,40.5,159092.0,2.841527093596053,176370.7611940297,88.98,6.61,89.92,-2.8793549999999994,9.535,9.4,7.29,39.65,30.8,Yes,0,0,1,0,1,0,0,0
8636,7.254264705882349,29.1,73356.0,-9.208472906403948,-26901.238805970293,55.35,16.33,67.05,-2.5185049999999998,11.624,4.8,10.92,5.12,31.1,Yes,0,0,0,1,0,1,0,0
9055,7.6008424908424885,38.3,50704.0,-10.791245551601422,-132676.3759124087,52.31,3.44,39.12,-0.2790851851851853,5.376,3.0,15.0,6.46,47.9,No,1,0,0,0,0,0,1,0
8551,7.280842490842488,34.1,73879.0,0.6487544483985772,158319.6240875913,31.25,19.18,28.3,0.18891481481481465,7.994,12.2,1.12,8.1,21.3,No,0,0,0,1,0,0,1,0
30709,-5.219157509157512,43.3,103409.0,-7.441245551601423,151301.6240875913,70.43,2.98,80.15,-0.31908518518518536,5.13,27.8,4.14,34.96,11.9,No,0,0,0,1,1,0,0,0
36111,-3.5591575091575116,43.1,58964.0,6.818754448398577,-66055.3759124087,69.53,17.9,87.64,-2.8793549999999994,1.887,2.5,,5.0,,No,0,1,0,0,0,1,0,0
8959,-4.3757352941176535,39.2,69904.0,-8.168472906403947,-62954.23880597029,63.36,,42.82,-0.1715049999999998,9.43,0.5,10.51,10.97,43.9,Yes,0,1,0,0,0,1,0,0
7460,2.20084249084249,38.7,82390.0,6.128754448398579,191749.6240875913,57.32,10.52,48.54,1.7479148148148145,3.134,4.3,8.16,14.79,23.5,No,0,0,1,0,0,1,0,0
18582,-6.005735294117656,37.8,111420.0,8.591527093596053,260280.7611940297,67.48,,44.21,2.260495,9.607,58.5,2.31,8.75,41.6,Yes,0,1,0,0,0,0,1,0
9076,5.904264705882348,32.6,95932.0,12.061527093596052,,22.35,17.11,49.0,-2.520505,8.896,26.5,6.9,14.55,28.1,Yes,0,0,0,1,0,1,0,0
20807,-13.269157509157512,48.9,97334.0,-6.641245551601422,214270.6240875913,58.35,24.53,36.06,-1.0790851851851855,6.842,13.6,3.67,15.07,18.3,No,0,0,1,0,0,0,1,0
15398,-0.13915750915751346,37.3,62994.0,-1.5812455516014214,-20847.375912408694,76.19,5.66,83.42,-2.8793549999999994,10.487,39.7,12.44,22.02,48.0,No,0,0,0,1,1,0,0,0
4623,-5.069157509157513,46.1,84176.0,13.30875444839858,60762.624087591306,36.77,8.06,42.75,0.07391481481481466,11.697,8.8,15.0,15.5,41.2,No,0,1,0,0,0,1,0,0
39468,7.664264705882346,33.5,56801.0,-11.048472906403948,-216790.2388059703,38.68,24.85,84.37,0.858495,4.474,61.4,6.1,5.0,26.2,Yes,0,0,0,1,0,1,0,0
46962,-0.3757352941176535,40.1,98315.0,-4.898472906403947,46504.76119402971,61.97,12.28,24.59,-2.167505,2.574,5.3,2.2,15.63,38.0,Yes,0,0,1,0,0,0,1,0
8699,-3.465735294117657,36.0,109417.0,1.3515270935960508,,45.69,15.07,76.38,3.027033916666665,-0.593,4.1,3.83,19.18,29.2,Yes,0,0,0,1,0,1,0,0
10184,-9.155735294117655,42.7,88758.0,-3.418472906403947,160184.7611940297,69.82,6.46,35.73,-1.4565049999999997,11.734,15.2,4.58,14.3,32.4,Yes,0,0,1,0,0,1,0,0
16319,4.580842490842485,37.5,64305.0,-7.841245551601422,-78358.3759124087,43.25,17.77,67.25,0.9549148148148147,3.681,7.1,15.0,17.85,45.6,No,0,0,1,0,0,1,0,0
16883,-5.959157509157514,40.7,68097.0,-2.1112455516014226,106129.6240875913,56.28,8.69,87.54,-2.0650851851851852,8.405,14.8,4.19,19.31,12.8,No,0,0,1,0,0,1,0,0
21183,-1.1357352941176515,40.6,137624.0,27.061527093596055,275428.7611940297,52.41,2.0,91.86,-0.36950499999999975,2.776,5.5,1.0,17.0,24.4,Yes,0,0,1,0,1,0,0,0
54564,12.830842490842485,34.6,64682.0,-6.731245551601423,-102.3759124086937,62.58,30.0,42.89,-2.8793549999999994,9.615,14.4,1.56,19.35,28.3,No,0,0,1,0,0,1,0,0
11803,12.120842490842485,31.9,105608.0,6.938754448398578,188632.6240875913,45.2,8.97,34.55,2.0479148148148147,2.9,4.8,9.8,26.42,31.3,No,0,0,1,0,0,0,1,0
7640,-3.2691575091575125,43.1,82339.0,7.238754448398579,-67917.3759124087,65.89,11.74,48.24,2.1099148148148146,1.425,0.8,2.12,12.56,15.5,No,0,0,0,1,0,1,0,0
5087,6.594264705882345,33.0,65059.0,-9.078472906403947,-137908.2388059703,43.41,1.46,89.93,1.7754950000000003,4.374,36.5,3.05,5.0,37.2,Yes,0,0,1,0,0,1,0,0
8009,-9.729157509157513,44.3,45678.0,-10.791245551601422,-202397.3759124087,57.08,8.5,92.61,-1.3790851851851853,3.405,32.2,15.0,6.05,16.5,No,0,0,1,0,0,1,0,0
13053,-4.895735294117657,42.8,78752.0,-3.8884729064039476,1603.7611940297065,46.01,3.1,58.17,,6.789,53.0,10.18,8.65,15.5,Yes,0,1,0,0,0,1,0,0
46919,-2.9691575091575118,39.6,75499.0,0.6387544483985774,3904.6240875913063,77.37,9.59,54.45,1.7889148148148144,4.846,18.9,8.6,16.92,25.5,No,0,0,0,1,0,1,0,0
9299,-11.449157509157512,46.8,137624.0,28.648754448398577,483602.6240875913,67.95,17.4,52.57,1.5459148148148145,6.883,17.2,4.63,33.37,47.0,No,1,0,0,0,0,1,0,0
15625,7.20084249084249,39.1,54118.0,-10.791245551601422,-147467.3759124087,52.45,9.84,66.17,,4.127,12.3,15.0,19.22,53.4,No,0,0,1,0,0,1,0,0
13207,9.620842490842485,34.9,163271.0,36.71875444839858,239741.6240875913,84.77,15.36,47.92,-2.8793549999999994,3.005,2.0,15.0,,32.9,No,0,0,1,0,0,0,1,0
30695,4.024264705882345,41.4,,-2.698472906403948,-44682.23880597029,49.37,9.82,19.46,-0.24950499999999987,3.249,3.1,7.65,34.76,25.6,Yes,0,0,1,0,0,0,1,0
78343,4.280842490842488,35.2,83469.0,-4.941245551601423,202224.6240875913,59.01,16.0,60.76,0.3559148148148147,11.135,5.1,3.57,22.32,29.6,No,0,0,1,0,0,0,1,0
9213,4.010842490842485,37.5,59422.0,-10.791245551601422,-10422.375912408694,47.7,21.67,78.2,-0.47208518518518533,5.676,33.1,15.0,14.5,,No,0,0,1,0,0,1,0,0
9484,9.464264705882343,34.9,81645.0,12.971527093596052,-49140.23880597029,43.56,1.87,61.99,0.5844950000000004,-0.951,2.8,2.92,32.08,42.7,Yes,0,0,1,0,0,1,0,0
27747,-0.9891575091575149,42.0,86298.0,3.5187544483985764,79905.6240875913,38.37,10.3,70.73,0.5709148148148148,3.439,38.4,6.86,17.25,15.8,No,0,0,1,0,0,1,0,0
21532,8.32426470588235,39.2,101525.0,11.201527093596052,-92114.2388059703,85.41,7.11,83.65,-2.8793549999999994,5.291,11.1,,28.22,,Yes,0,0,1,0,1,0,0,0
48664,-0.9491575091575086,43.3,51926.0,-10.791245551601422,2731.6240875913063,62.08,12.0,65.02,-2.8793549999999994,10.536,18.9,15.0,7.18,13.7,No,0,0,0,1,0,0,1,0
20105,-2.0857352941176543,39.7,119655.0,30.48152709359605,247032.7611940297,48.8,5.14,74.18,-2.8793549999999994,8.086,1.8,,30.82,23.2,Yes,0,0,1,0,0,1,0,0
10388,-8.995735294117654,40.2,82991.0,5.071527093596053,-87171.2388059703,54.27,11.72,75.89,3.027033916666665,2.235,4.7,3.13,24.86,28.0,Yes,0,0,0,1,0,1,0,0
20200,-1.9391575091575106,35.0,90479.0,4.068754448398577,125903.6240875913,58.83,7.33,44.04,2.1069148148148145,12.255,47.7,1.79,25.71,32.1,No,0,0,0,1,0,0,1,0
29030,6.730842490842491,33.9,67688.0,-3.461245551601422,-124840.3759124087,77.91,10.9,38.34,1.0379148148148145,4.907,4.6,13.81,5.0,28.0,No,1,0,0,0,0,0,1,0
23726,-7.699157509157512,47.5,52846.0,0.22875444839857728,5153.624087591306,37.52,11.56,57.08,0.29791481481481463,8.739,5.3,3.86,5.0,29.8,No,0,0,1,0,0,0,1,0
19055,2.8442647058823454,32.0,75015.0,0.8415270935960528,-153397.2388059703,49.28,4.25,27.6,-1.4385049999999997,1.535,3.3,1.0,22.97,28.4,Yes,1,0,0,0,0,0,1,0
28188,7.800842490842491,35.2,78085.0,3.698754448398576,79113.6240875913,56.17,7.74,86.97,2.9949148148148144,-2.194,2.1,5.64,17.0,12.8,No,0,0,0,1,1,0,0,0
30288,6.710842490842488,41.3,45030.0,-8.011245551601423,-178245.3759124087,72.84,16.66,66.24,-0.32008518518518536,0.775,4.0,15.0,5.0,33.8,No,0,0,1,0,1,0,0,0
35154,-3.2791575091575105,41.5,96533.0,12.488754448398579,209125.6240875913,32.2,7.68,66.06,1.8149148148148146,-4.751,15.4,,21.71,36.1,No,0,1,0,0,0,1,0,0
21038,-1.529157509157514,43.1,103650.0,-3.711245551601422,275473.6240875913,68.09,13.97,96.0,-0.03608518518518533,11.336,9.1,15.0,7.38,41.4,No,0,1,0,0,1,0,0,0
11884,-9.045735294117655,42.7,56648.0,-13.278472906403948,-108352.2388059703,86.67,,72.0,2.9364950000000003,5.644,12.1,15.0,14.53,46.5,Yes,0,0,1,0,1,0,0,0
14804,-0.03915750915751204,44.3,51128.0,-10.791245551601422,-78490.3759124087,77.67,1.78,34.65,2.1459148148148146,2.226,2.0,8.08,9.0,32.1,No,0,0,1,0,0,0,1,0
31087,-0.34573529411765236,39.4,65772.0,-2.618472906403948,1225.7611940297065,59.9,2.52,80.59,1.547495,6.358,24.3,5.62,9.8,42.1,Yes,1,0,0,0,1,0,0,0
7541,6.38084249084249,39.9,73744.0,-4.5312455516014225,-113122.3759124087,35.03,3.62,74.01,-0.5080851851851853,5.568,23.0,9.71,9.15,28.2,No,1,0,0,0,0,1,0,0
17293,-1.1657352941176526,36.6,66671.0,-16.638472906403948,,34.37,4.51,70.37,1.172495,6.863,0.3,1.97,11.48,13.5,Yes,0,0,1,0,1,0,0,0
10144,,42.2,71587.0,-6.141245551601422,-71689.3759124087,64.67,30.0,84.6,0.03591481481481462,8.629,7.3,3.46,7.65,37.6,No,0,0,1,0,1,0,0,0
13631,-3.699157509157512,39.8,79024.0,3.7187544483985793,191832.6240875913,30.23,13.28,81.63,0.8809148148148146,4.13,1.1,15.0,9.02,35.4,No,0,0,0,1,0,1,0,0
32693,5.044264705882348,35.5,45301.0,-15.498472906403947,-224426.2388059703,62.06,9.79,28.91,2.326495,2.36,23.6,3.75,21.71,28.0,Yes,0,0,0,1,0,0,1,0
15271,5.820842490842487,40.8,47162.0,-10.791245551601422,,45.08,10.2,50.15,-1.4250851851851853,7.483,20.0,3.3,5.0,27.4,No,0,0,0,1,0,0,1,0
13801,6.234264705882346,39.2,30000.0,,-258720.2388059703,70.58,7.93,52.37,-0.5375049999999997,7.407,34.8,15.0,,32.8,Yes,0,0,0,1,0,1,0,1
5156,5.440842490842485,43.3,101711.0,10.208754448398578,33869.624087591306,70.04,17.28,77.76,1.5369148148148146,5.302,4.0,8.72,25.74,24.6,No,0,0,0,1,1,0,0,0
22524,-12.505735294117653,47.0,73521.0,-9.688472906403948,-140039.2388059703,69.54,6.01,80.56,0.09649500000000044,11.533,9.1,8.85,5.0,,Yes,1,0,0,0,1,0,0,0
20990,6.084264705882347,39.3,105529.0,2.9015270935960515,4433.7611940297065,76.86,9.35,58.94,-1.8455049999999997,3.687,3.1,2.45,5.0,18.8,Yes,0,0,1,0,0,0,1,0
60735,0.5308424908424882,34.5,49108.0,-8.101245551601423,-129464.3759124087,66.06,15.11,59.85,3.027033916666665,2.3,7.0,15.0,14.92,19.9,No,0,0,1,0,0,1,0,0
10770,,41.6,73757.0,4.318754448398577,-67143.3759124087,74.07,10.86,72.05,-1.9290851851851851,6.254,11.1,4.34,23.54,14.8,No,1,0,0,0,0,1,0,0
15574,-6.025735294117652,43.0,78841.0,3.4015270935960515,-188167.2388059703,64.73,3.75,49.49,1.9744950000000006,2.975,0.8,4.94,5.0,50.4,Yes,0,1,0,0,0,0,1,0
15907,14.32426470588235,31.8,60076.0,-8.068472906403947,-39338.23880597029,58.7,28.15,84.74,1.4864950000000001,6.487,18.8,4.84,5.0,28.7,Yes,0,0,0,1,0,0,1,0
40304,-1.8057352941176532,41.1,42459.0,-16.638472906403948,-139515.2388059703,26.93,10.77,62.12,2.858495,2.501,11.8,11.25,5.0,40.1,Yes,0,0,0,1,0,1,0,0
12497,-2.995735294117651,36.2,134733.0,14.291527093596052,157394.7611940297,80.37,17.01,55.82,-2.8793549999999994,3.799,26.5,,19.18,17.0,Yes,0,0,1,0,1,0,0,0
16241,3.4042647058823476,39.2,119342.0,6.571527093596053,88730.7611940297,84.82,14.06,88.1,-2.6815049999999996,10.673,4.8,15.0,,26.2,Yes,0,0,0,1,0,1,0,0
20445,-12.559157509157512,39.7,63979.0,-10.791245551601422,-163795.3759124087,57.63,18.46,72.65,3.027033916666665,3.783,35.0,,5.0,33.5,No,0,0,0,1,0,1,0,0
15223,0.6108424908424865,37.3,87428.0,13.888754448398577,142628.6240875913,52.34,4.27,44.05,-2.8793549999999994,2.603,80.0,10.96,22.68,42.7,No,0,0,1,0,0,1,0,0
9774,9.07426470588235,37.8,61717.0,-1.498472906403947,-41962.23880597029,37.28,3.98,74.66,-2.8793549999999994,8.512,37.8,2.65,15.15,22.0,Yes,0,0,1,0,0,1,0,0
15303,-4.0191575091575125,44.3,51617.0,,-172426.3759124087,55.73,28.24,93.37,-0.31608518518518536,1.847,22.6,15.0,18.63,24.0,No,0,0,0,1,1,0,0,1
28326,0.1242647058823465,39.3,138626.0,33.55152709359605,73525.7611940297,63.36,,56.22,-0.5595049999999997,2.921,25.1,3.69,20.9,20.1,Yes,0,0,1,0,1,0,0,0
6512,0.95084249084249,38.7,40971.0,-10.791245551601422,-105151.3759124087,40.4,1.0,19.23,3.027033916666665,6.73,12.8,3.91,5.0,26.8,No,0,0,1,0,0,0,1,0
14662,-5.329157509157511,35.1,66176.0,,4115.624087591306,42.57,12.24,40.52,0.2899148148148146,7.815,3.2,1.71,6.85,17.8,No,0,0,1,0,0,1,0,1
8183,2.6142647058823485,37.0,75320.0,,-191412.2388059703,61.08,4.45,83.14,-2.159505,8.661,17.0,9.62,16.71,13.6,Yes,0,0,1,0,0,1,0,1
30838,-3.455735294117652,41.0,130344.0,12.391527093596054,284725.7611940297,56.84,6.67,10.47,-0.3205049999999998,2.758,18.7,15.0,37.24,30.6,Yes,0,0,1,0,0,0,1,0
4599,-6.459157509157514,40.9,100088.0,11.068754448398577,66392.6240875913,44.19,13.87,32.49,1.5999148148148143,6.788,63.4,7.97,39.31,34.7,No,0,1,0,0,0,0,1,0
9034,5.470842490842486,38.2,40729.0,-10.791245551601422,-175288.3759124087,79.65,5.43,77.73,1.5429148148148144,3.602,11.7,4.97,5.0,16.6,No,0,0,0,1,0,1,0,0
17396,-7.709157509157514,41.6,73060.0,1.8687544483985778,86579.6240875913,20.0,19.01,50.49,0.30491481481481464,3.183,4.7,2.33,12.18,,No,1,0,0,0,0,1,0,0
39969,7.000842490842487,36.8,73671.0,16.30875444839858,102435.6240875913,79.08,3.54,70.03,-2.8793549999999994,8.61,17.3,5.71,19.58,27.0,No,1,0,0,0,0,0,1,0
12758,-3.8891575091575135,41.3,67513.0,9.228754448398577,-46890.375912408694,45.38,15.6,7.79,,3.351,58.2,4.29,15.5,45.1,No,0,0,0,1,0,0,1,0
9057,12.944264705882347,33.7,90847.0,-4.508472906403947,185837.7611940297,60.19,11.84,85.82,1.8974950000000006,5.835,2.9,12.13,32.36,5.0,Yes,0,0,1,0,1,0,0,0
49851,-1.7291575091575098,44.7,44659.0,-10.791245551601422,-150961.3759124087,63.64,3.34,47.68,1.0349148148148148,5.467,5.9,2.44,5.0,32.4,No,0,0,0,1,0,0,1,0
4848,1.4408424908424848,32.8,63384.0,-10.791245551601422,28293.624087591306,58.17,21.18,27.34,0.015914814814814715,1.788,11.7,9.3,5.0,,No,0,0,0,1,0,0,1,0
2866,-0.19573529411765378,36.8,86472.0,-7.798472906403948,-4104.2388059702935,61.57,12.56,73.53,1.2924950000000002,7.898,2.8,9.7,27.88,20.9,Yes,1,0,0,0,0,1,0,0
18178,-2.159157509157513,37.9,92767.0,-8.461245551601422,253799.6240875913,59.62,,74.64,-1.5990851851851855,6.681,0.3,,,24.5,No,0,0,0,1,1,0,0,0
9400,9.350842490842489,37.7,77056.0,1.238754448398577,153414.6240875913,60.28,14.79,31.02,0.20991481481481467,-0.959,6.2,1.87,17.17,31.3,No,0,0,1,0,0,0,1,0
6536,3.0208424908424902,39.2,66109.0,10.568754448398577,-136103.3759124087,69.73,5.5,35.05,0.9369148148148146,5.832,30.1,4.31,8.3,27.7,No,0,0,1,0,0,1,0,0
21935,,47.5,70124.0,2.5887544483985785,115507.6240875913,72.64,24.9,56.61,-0.22208518518518533,2.681,0.7,4.26,19.3,45.0,No,0,0,0,1,0,1,0,0
15845,-7.469157509157512,48.0,94763.0,18.37875444839858,239662.6240875913,37.98,18.9,23.09,0.8629148148148146,8.291,8.4,5.66,7.54,29.0,No,0,0,0,1,0,0,1,0
9001,5.474264705882348,34.4,74003.0,3.7015270935960523,25358.761194029707,77.95,10.4,63.39,-1.3185049999999998,0.664,21.5,12.77,6.42,36.6,Yes,0,0,0,1,0,1,0,0
5452,0.6208424908424846,39.7,50784.0,-10.671245551601423,-164382.3759124087,47.61,12.35,68.21,-2.138085185185185,3.931,45.9,1.15,5.0,32.5,No,0,0,0,1,0,1,0,0
24605,1.0108424908424851,40.1,,-10.791245551601422,-62136.375912408694,73.86,21.78,55.98,1.0239148148148147,6.086,63.5,15.0,5.0,34.9,No,0,1,0,0,0,1,0,0
21060,0.44084249084248484,37.3,43417.0,-10.791245551601422,-79655.3759124087,67.39,7.66,48.97,-1.9960851851851853,5.163,8.2,3.72,12.67,20.2,No,0,0,0,1,0,1,0,0
12463,-8.095735294117652,42.7,121716.0,-3.7184729064039477,75036.7611940297,44.26,1.3,78.76,-0.6125049999999999,7.289,45.1,9.79,23.39,30.0,Yes,0,0,1,0,0,1,0,0
48661,0.9008424908424857,38.9,,8.408754448398577,303025.6240875913,74.83,13.21,28.72,3.027033916666665,0.445,0.5,11.45,7.51,,No,0,0,1,0,0,0,1,0
6316,0.27084249084249024,36.6,70454.0,-10.791245551601422,-132133.3759124087,67.2,14.19,73.02,0.09891481481481468,9.956,20.6,,24.41,20.8,No,0,0,1,0,1,0,0,0
4592,12.494264705882344,33.8,62390.0,-3.788472906403948,-206306.2388059703,63.94,5.83,76.43,-2.8793549999999994,6.575,15.4,13.43,9.48,37.3,Yes,0,0,1,0,0,1,0,0
8231,3.2908424908424863,35.9,59821.0,-2.9012455516014217,-49449.375912408694,54.21,9.46,13.25,0.4069148148148146,9.079,4.3,6.93,24.39,7.8,No,0,0,1,0,0,0,1,0
12940,-2.5757352941176563,42.3,,9.261527093596051,137712.7611940297,65.58,10.66,32.59,-2.6075049999999997,7.623,10.6,4.54,27.87,41.5,Yes,0,0,1,0,0,0,1,0
15840,-3.275735294117652,45.1,142422.0,24.951527093596056,363912.7611940297,41.54,1.48,48.96,0.24549500000000002,4.965,2.1,15.0,29.99,5.8,Yes,0,0,1,0,0,1,0,0
11283,2.250842490842487,39.9,59166.0,-2.091245551601423,-176033.3759124087,57.0,22.45,68.07,0.3649148148148147,1.147,30.8,15.0,25.64,26.5,No,0,0,1,0,0,1,0,0
17093,-4.005735294117656,39.9,108928.0,19.08152709359605,314339.7611940297,38.97,9.79,56.87,2.4764950000000003,3.309,6.6,10.12,15.99,37.4,Yes,0,1,0,0,0,0,1,0
5563,1.8842647058823445,38.3,73850.0,0.04152709359605211,-196166.2388059703,80.9,24.19,73.76,1.382495,9.769,14.8,4.9,5.0,16.1,Yes,0,0,1,0,0,1,0,0
36703,0.4008424908424857,43.3,67890.0,-7.011245551601422,-115027.3759124087,59.52,21.13,37.04,0.3549148148148147,9.156,2.6,4.98,25.47,32.2,No,0,0,0,1,0,0,1,0
12613,10.490842490842489,40.2,,,,56.42,11.13,51.57,2.0919148148148143,3.141,3.5,,29.5,31.2,No,0,0,0,1,0,1,0,1
29205,-0.2491575091575129,39.6,72870.0,-10.791245551601422,26290.624087591306,67.61,4.86,24.01,-0.12508518518518535,-3.455,72.3,3.52,24.66,,No,0,1,0,0,0,0,1,0
16981,8.56084249084249,38.1,81123.0,-4.0312455516014225,188335.6240875913,82.75,11.29,39.5,0.7289148148148147,4.362,21.0,10.59,21.59,24.5,No,0,0,1,0,0,1,0,0
18393,9.030842490842488,39.1,79769.0,-0.2912455516014223,94247.6240875913,48.65,20.08,69.82,-0.062085185185185354,4.137,49.0,4.53,28.88,23.3,No,0,0,0,1,0,1,0,0
19907,-2.6491575091575115,37.2,41400.0,-4.861245551601423,-97114.3759124087,64.56,3.68,70.81,2.1939148148148147,4.251,5.3,3.96,5.0,12.3,No,0,1,0,0,1,0,0,0
18276,-7.339157509157513,45.7,80897.0,-2.891245551601422,-110558.3759124087,63.73,3.14,62.55,3.027033916666665,6.586,2.7,4.94,10.84,27.0,No,0,1,0,0,0,0,1,0
20950,13.740842490842489,40.9,60057.0,-10.791245551601422,-47168.375912408694,61.47,17.78,61.24,2.2579148148148147,7.629,10.5,15.0,5.52,37.2,No,1,0,0,0,0,1,0,0
33874,0.05084249084249137,43.3,44471.0,-10.791245551601422,-142385.3759124087,23.0,14.86,39.26,2.5049148148148146,7.971,10.2,11.25,5.0,23.4,No,0,0,1,0,0,0,1,0
15329,-1.985735294117653,35.2,61022.0,,-126029.2388059703,70.07,14.0,85.93,0.902495,6.337,2.9,8.24,5.0,23.9,Yes,0,0,1,0,1,0,0,1
21945,-3.0191575091575125,34.9,60846.0,12.458754448398578,-157433.3759124087,73.1,7.92,39.61,1.7639148148148145,-0.402,19.8,15.0,9.35,43.9,No,1,0,0,0,1,0,0,0
12546,-1.9291575091575126,42.6,104868.0,12.778754448398578,244158.6240875913,77.16,17.68,38.74,-1.6180851851851852,3.976,6.7,15.0,26.63,26.4,No,0,1,0,0,0,0,1,0
36610,6.354264705882343,34.2,50396.0,-4.748472906403947,-178258.2388059703,71.12,4.94,73.76,2.4584950000000005,11.912,3.1,,5.0,31.5,Yes,0,0,0,1,0,1,0,0
8320,6.444264705882347,37.3,55467.0,-16.638472906403948,-94724.2388059703,53.65,4.18,62.2,2.6654950000000004,6.123,6.1,7.35,5.0,,Yes,0,0,0,1,1,0,0,0
47129,4.180842490842487,43.2,79410.0,-9.941245551601423,34830.624087591306,45.45,,47.15,0.19291481481481465,6.103,12.4,13.08,10.99,26.4,No,0,0,1,0,0,1,0,0
12989,0.6708424908424888,37.7,45980.0,-10.791245551601422,-192132.3759124087,25.38,6.23,65.23,-0.08008518518518531,6.078,19.4,8.25,11.84,34.8,No,1,0,0,0,0,1,0,0
4907,6.280842490842488,36.8,58066.0,-4.801245551601422,-32782.375912408694,70.58,8.34,14.36,1.8859148148148144,6.246,9.9,3.06,5.0,37.9,No,0,0,1,0,0,0,1,0
14613,-1.6291575091575154,41.2,40840.0,-10.791245551601422,-206865.3759124087,59.61,30.0,50.14,1.7629148148148146,-2.149,11.2,2.27,26.06,37.0,No,0,0,1,0,0,0,1,0
8293,3.5808424908424854,34.9,,1.3187544483985771,297322.6240875913,60.95,,79.11,0.2569148148148147,4.281,2.2,3.25,5.0,38.2,No,0,0,0,1,1,0,0,0
24063,-4.249157509157513,38.9,65809.0,-6.291245551601422,1274.6240875913063,50.41,14.13,89.15,-1.8390851851851853,4.886,36.9,4.94,5.0,7.2,No,0,0,0,1,1,0,0,0
8460,-5.129157509157512,41.5,72724.0,-10.011245551601423,-93645.3759124087,35.37,6.11,73.33,1.2719148148148145,8.844,39.6,5.29,22.02,16.3,No,0,0,1,0,0,1,0,0
9775,-0.41573529411765264,37.6,100770.0,-13.508472906403949,259321.7611940297,85.78,14.59,72.7,0.15949500000000016,5.143,17.3,10.25,27.37,22.9,Yes,0,0,1,0,0,1,0,0
3559,-1.5857352941176543,40.7,56795.0,-7.948472906403948,-142740.2388059703,78.65,7.22,70.88,0.5084950000000004,0.06,0.3,4.89,15.5,20.0,Yes,0,0,0,1,0,1,0,0
9734,-2.245735294117651,47.4,65565.0,-7.158472906403947,-215074.2388059703,79.29,,66.0,-0.24450499999999975,6.29,11.6,5.83,5.0,20.8,Yes,0,0,1,0,0,1,0,0
2448,-0.9191575091575146,40.4,50528.0,-0.14124555160142194,-79272.3759124087,81.7,24.96,50.65,0.1189148148148147,2.589,14.9,14.26,5.0,36.9,No,0,0,0,1,1,0,0,0
4408,4.5908424908424905,36.0,50489.0,-10.791245551601422,-154944.3759124087,64.53,11.0,57.87,2.6489148148148147,1.35,78.5,5.76,5.0,,No,0,0,1,0,1,0,0,0
22749,-1.3691575091575103,44.5,52986.0,0.4687544483985775,-28250.375912408694,61.76,6.09,75.94,0.7929148148148147,2.498,80.0,15.0,5.0,26.6,No,0,0,0,1,0,1,0,0
23157,-9.479157509157513,37.9,61551.0,9.298754448398578,28457.624087591306,54.87,13.16,36.16,-0.2690851851851853,6.628,29.2,13.08,11.72,25.7,No,0,0,0,1,0,1,0,0
17994,1.1708424908424888,35.3,63915.0,-0.091245551601423,84475.6240875913,54.39,27.42,65.08,0.29991481481481463,8.776,1.0,13.86,5.0,,No,0,0,1,0,0,0,1,0
6789,-4.349157509157511,39.4,80904.0,-1.761245551601423,47578.624087591306,53.99,25.94,62.49,-2.8310851851851853,6.449,46.0,11.05,5.0,25.6,No,0,0,1,0,0,0,1,0
12920,2.3142647058823442,36.8,53534.0,-10.118472906403948,-172863.2388059703,65.75,11.73,79.47,,6.896,14.2,3.02,17.58,41.9,Yes,0,0,1,0,1,0,0,0
13326,6.804264705882346,34.5,81786.0,-7.718472906403948,,42.57,20.28,66.49,0.4334950000000002,6.419,24.2,11.51,11.14,10.4,Yes,0,0,1,0,0,1,0,0
5938,10.484264705882346,35.2,86660.0,-7.528472906403948,-124988.2388059703,62.56,18.45,53.59,,5.304,7.8,3.92,21.65,,Yes,0,1,0,0,0,0,1,0
38268,-19.175735294117654,45.0,62085.0,-3.1484729064039474,-108812.2388059703,38.89,8.94,37.48,2.097495,7.091,5.8,15.0,5.0,50.9,Yes,0,0,1,0,0,0,1,0
24690,5.400842490842486,41.4,55179.0,-6.0312455516014225,-71444.3759124087,59.18,6.15,68.53,0.1349148148148147,-2.256,9.3,6.34,11.72,40.7,No,1,0,0,0,0,1,0,0
11445,2.0808424908424854,39.5,75340.0,11.018754448398576,-104563.3759124087,63.62,15.12,43.19,1.6359148148148144,5.333,2.4,5.96,34.6,18.1,No,0,0,1,0,0,0,1,0
13613,1.5942647058823454,36.2,68116.0,-10.268472906403948,-112654.2388059703,79.03,12.48,54.55,0.6414950000000004,1.865,6.6,15.0,5.0,23.1,Yes,1,0,0,0,0,0,1,0
15457,-5.215735294117657,43.0,78993.0,-6.0584729064039475,75705.7611940297,45.16,13.03,62.02,3.027033916666665,8.489,29.2,10.03,5.0,38.3,Yes,1,0,0,0,0,1,0,0
3199,-11.845735294117652,39.5,126684.0,7.041527093596052,383007.7611940297,48.04,8.44,78.71,-0.6535049999999998,4.559,0.6,6.08,15.16,25.5,Yes,0,0,0,1,0,1,0,0
11237,-0.7491575091575129,35.2,74908.0,-7.721245551601422,-103088.3759124087,51.65,16.19,69.63,-1.4270851851851853,5.093,2.5,10.34,32.27,22.9,No,0,0,0,1,0,1,0,0
8288,5.744264705882344,40.3,58470.0,-3.2284729064039475,-234260.2388059703,69.1,5.32,81.23,0.7524950000000001,0.485,2.0,15.0,6.94,27.0,Yes,0,0,0,1,0,0,1,0
6626,-7.325735294117653,44.0,53540.0,6.201527093596052,-214009.2388059703,74.85,3.31,73.82,2.7874950000000003,8.05,7.7,5.48,14.76,16.8,Yes,0,0,1,0,0,1,0,0
10973,2.3508424908424885,36.8,54270.0,-8.261245551601423,-4842.375912408694,68.85,19.48,31.28,0.015914814814814715,6.882,80.0,1.41,5.0,26.7,No,0,1,0,0,0,0,1,0
47022,-0.4557352941176518,37.3,43828.0,-16.638472906403948,-276805.2388059703,63.25,10.64,89.72,0.7384950000000003,6.671,2.9,7.03,7.2,15.9,Yes,1,0,0,0,0,1,0,0
20922,-11.199157509157512,40.5,101362.0,3.5487544483985776,,49.27,4.03,78.71,3.027033916666665,2.561,2.4,11.1,14.23,35.2,No,0,1,0,0,0,1,0,0
8956,,40.4,33468.0,-10.791245551601422,-243599.3759124087,56.12,8.19,78.95,2.6949148148148145,2.679,37.0,6.69,14.75,19.6,No,0,0,1,0,0,1,0,0
19946,-3.525735294117652,44.6,86754.0,,45612.76119402971,68.1,9.56,69.44,-0.6925049999999997,5.671,32.1,2.46,20.78,28.5,Yes,1,0,0,0,1,0,0,1
35580,-0.11915750915751033,42.0,53969.0,-10.791245551601422,,64.32,17.64,58.56,-0.7360851851851853,2.917,0.5,7.51,5.0,23.6,No,0,1,0,0,0,1,0,0
25520,-5.755735294117656,43.2,61123.0,-13.598472906403948,-54635.23880597029,54.81,18.57,77.84,-1.1065049999999998,6.305,20.9,4.87,23.58,31.8,Yes,0,0,1,0,0,1,0,0
13929,4.8508424908424885,40.9,53407.0,-10.791245551601422,-147403.3759124087,33.58,12.71,47.85,1.5779148148148145,-1.483,16.0,,22.57,36.2,No,0,0,1,0,0,0,1,0
8494,-6.209157509157514,41.7,121303.0,18.088754448398575,316510.6240875913,45.87,5.74,36.53,2.4769148148148146,3.537,21.9,2.34,37.88,30.9,No,1,0,0,0,0,1,0,0
21780,6.184264705882349,39.8,73549.0,-5.568472906403947,-140904.2388059703,73.23,3.08,53.15,-0.27550499999999967,10.39,10.2,,18.51,21.0,Yes,0,0,0,1,0,0,1,0
17596,10.970842490842486,38.8,96435.0,-1.1312455516014222,,47.58,10.52,32.71,,6.318,71.3,15.0,13.84,22.4,No,1,0,0,0,0,0,1,0
25000,3.6042647058823434,41.6,115287.0,0.871527093596054,317867.7611940297,77.98,14.81,77.42,0.16749500000000017,5.5,0.7,2.23,23.64,51.6,Yes,0,0,1,0,1,0,0,0
20839,-9.979157509157513,41.5,77434.0,14.298754448398578,-85969.3759124087,89.61,7.81,73.73,2.3809148148148145,10.956,4.0,3.64,7.69,37.5,No,1,0,0,0,0,1,0,0
27852,-2.6191575091575103,35.4,48123.0,-6.861245551601423,-46365.375912408694,59.13,5.88,87.28,1.4199148148148146,-2.008,7.6,7.67,6.74,26.0,No,0,0,1,0,1,0,0,0
9185,,40.8,67695.0,-0.20124555160142243,6266.624087591306,73.15,8.18,64.38,-1.0110851851851854,2.554,9.0,15.0,5.0,22.3,No,0,0,1,0,0,1,0,0
33596,0.6542647058823476,39.2,56399.0,-9.548472906403948,-233015.2388059703,66.46,6.09,50.93,-1.3065049999999998,3.796,38.1,3.35,5.0,13.6,Yes,0,0,1,0,0,1,0,0
15341,,36.0,61314.0,2.3015270935960537,-142088.2388059703,69.48,13.5,77.25,0.9524950000000003,7.575,12.3,3.79,29.26,39.3,Yes,1,0,0,0,0,1,0,0
57107,-0.5091575091575109,39.3,70748.0,-8.421245551601423,-99780.3759124087,82.07,11.07,77.19,-2.1050851851851853,7.627,0.7,15.0,13.3,20.9,No,1,0,0,0,0,1,0,0
8246,2.3808424908424897,46.8,69776.0,-3.5312455516014225,47250.624087591306,54.85,4.06,78.57,-2.8793549999999994,2.402,7.9,12.63,5.65,38.5,No,0,0,0,1,0,1,0,0
45034,-2.1857352941176558,37.1,,-2.9684729064039477,78970.7611940297,23.99,20.23,22.74,2.0724950000000004,7.994,8.1,4.64,5.0,36.3,Yes,0,0,0,1,0,0,1,0
15344,-3.8891575091575135,38.5,88881.0,-8.161245551601422,-53290.375912408694,50.0,13.32,48.72,1.6839148148148144,3.79,50.5,15.0,13.72,41.5,No,0,1,0,0,0,1,0,0
8467,-2.4257352941176507,39.4,69776.0,-13.538472906403948,-80294.2388059703,34.49,8.76,49.03,0.26949500000000004,8.635,13.7,8.65,17.4,35.6,Yes,0,0,0,1,0,0,1,0
9521,1.6308424908424897,42.9,,12.528754448398578,169556.6240875913,76.98,8.59,32.36,-1.4930851851851852,1.902,15.1,7.95,14.92,25.9,No,1,0,0,0,0,0,1,0
10676,-8.915735294117653,47.9,60338.0,-3.078472906403947,-23929.238805970293,46.6,4.24,65.95,0.531495,4.63,18.7,5.28,,,Yes,0,0,0,1,0,1,0,0
17978,5.154264705882348,38.8,115864.0,15.69152709359605,154696.7611940297,38.49,10.02,55.98,-0.39350499999999977,3.529,22.0,,25.72,28.2,Yes,0,0,0,1,0,0,1,0
19263,,35.8,59998.0,-8.131245551601422,50506.624087591306,23.72,1.0,83.68,-2.5080851851851853,8.168,15.1,9.37,11.44,25.3,No,0,0,0,1,1,0,0,0
8941,,46.6,111192.0,3.011527093596051,140945.7611940297,78.29,,82.66,1.9054950000000006,3.432,4.1,,27.35,11.8,Yes,0,0,1,0,1,0,0,0
13133,1.004264705882349,38.0,43624.0,-16.638472906403948,,73.56,15.27,94.02,-0.6265049999999999,4.873,31.1,3.68,10.73,6.4,Yes,1,0,0,0,1,0,0,0
59849,-5.3657352941176555,37.5,64014.0,-0.5584729064039493,-21658.238805970293,58.22,9.17,69.67,-1.7355049999999999,6.52,19.8,11.43,7.62,35.6,Yes,0,0,0,1,0,1,0,0
44769,3.3908424908424877,35.6,65131.0,6.958754448398578,-33720.375912408694,77.6,8.69,49.61,-0.09508518518518533,6.636,20.3,14.85,7.4,26.2,No,0,0,1,0,0,0,1,0
18131,7.440842490842485,40.1,80631.0,11.698754448398576,36545.624087591306,40.12,17.22,72.7,-2.8793549999999994,7.661,80.0,11.86,12.67,37.6,No,0,1,0,0,1,0,0,0
13719,-14.475735294117655,43.5,98877.0,15.721527093596052,59665.76119402971,58.31,15.24,60.55,0.24349500000000024,5.633,24.3,5.06,22.82,24.2,Yes,0,0,0,1,0,1,0,0
14530,-7.939157509157511,43.3,47226.0,-4.0312455516014225,-55907.375912408694,62.67,6.13,93.54,1.1849148148148148,3.745,26.5,5.66,15.52,28.0,No,0,0,0,1,1,0,0,0
20526,2.440842490842485,43.0,49622.0,5.798754448398578,-43550.375912408694,63.05,15.28,90.44,0.2729148148148147,3.951,45.4,5.86,5.0,37.3,No,0,1,0,0,1,0,0,0
6529,-13.579157509157511,41.5,44771.0,-9.781245551601423,,51.22,11.02,86.34,3.027033916666665,5.077,2.5,8.06,5.0,43.6,No,0,0,0,1,1,0,0,0
11157,-5.299157509157514,45.6,116083.0,-0.031245551601422505,145463.6240875913,81.58,25.47,29.52,-2.1070851851851855,5.749,10.3,6.65,13.39,24.8,No,0,0,1,0,0,0,1,0
4154,-3.0991575091575108,39.2,,10.078754448398579,45622.624087591306,47.69,11.28,46.41,-0.5330851851851853,4.558,13.0,5.48,,18.0,No,0,1,0,0,0,1,0,0
17667,-8.739157509157511,49.0,50034.0,-10.791245551601422,-92812.3759124087,83.18,4.83,66.57,-1.0390851851851854,5.058,6.0,15.0,,40.1,No,0,0,0,1,1,0,0,0
21015,6.180842490842487,39.8,62624.0,-1.2312455516014218,-109972.3759124087,77.83,5.99,68.17,,0.448,27.4,1.0,5.0,25.1,No,0,0,1,0,0,1,0,0
9525,4.050842490842491,35.9,,20.038754448398578,325455.6240875913,66.89,7.18,32.8,0.7959148148148146,7.002,21.6,10.53,13.49,23.1,No,0,0,1,0,0,0,1,0
40206,6.89426470588235,30.2,66347.0,-4.688472906403948,-102740.2388059703,30.42,17.4,69.39,-0.08350499999999972,5.543,19.1,2.58,13.69,24.0,Yes,1,0,0,0,0,1,0,0
5664,-5.469157509157512,43.9,64989.0,16.368754448398576,-75742.3759124087,48.23,7.88,87.81,-0.03308518518518533,8.006,80.0,7.79,5.0,20.8,No,0,0,0,1,1,0,0,0
4793,0.030842490842488246,38.7,55633.0,-10.791245551601422,-166876.3759124087,46.57,,54.4,-1.0940851851851854,5.0,4.5,13.69,6.59,35.7,No,0,0,0,1,0,1,0,0
15632,-7.439157509157511,41.6,51085.0,-6.861245551601423,-155486.3759124087,92.19,6.51,61.8,3.027033916666665,-0.215,19.9,4.68,13.65,14.6,No,0,1,0,0,0,1,0,0
27804,-6.925735294117654,42.8,110653.0,6.701527093596052,321234.7611940297,66.51,30.0,10.96,3.027033916666665,3.925,12.0,1.5,11.86,29.0,Yes,1,0,0,0,0,0,1,0
43423,8.384264705882345,38.9,131382.0,2.291527093596052,123596.7611940297,69.89,12.54,71.88,-0.6565049999999997,4.4,5.6,10.12,20.43,30.5,Yes,0,0,1,0,0,1,0,0
9689,6.720842490842486,41.5,51801.0,-10.791245551601422,-167155.3759124087,79.12,7.54,91.79,-0.8530851851851853,7.229,2.6,5.3,5.0,22.0,No,0,0,1,0,1,0,0,0
28426,-11.635735294117655,38.4,119578.0,2.591527093596053,148191.7611940297,65.74,12.17,53.92,2.007495,-1.211,33.9,3.44,12.87,43.9,Yes,0,0,1,0,0,0,1,0
13004,-11.339157509157513,47.5,61661.0,-10.791245551601422,-96822.3759124087,65.01,8.43,78.01,-2.2330851851851854,5.124,13.6,6.89,21.61,37.0,No,1,0,0,0,0,1,0,0
11839,,41.6,88148.0,4.518754448398576,-80706.3759124087,66.62,4.46,86.62,-0.009085185185185307,6.541,26.1,15.0,19.59,,No,0,0,1,0,1,0,0,0
24799,6.760842490842485,31.1,119799.0,10.448754448398576,156699.6240875913,88.34,18.88,74.56,-0.7310851851851854,3.016,11.8,4.61,43.95,26.9,No,0,0,0,1,0,1,0,0
21091,-3.3491575091575108,37.3,69509.0,2.0987544483985783,2261.6240875913063,86.72,7.34,71.84,-1.6580851851851852,5.224,3.7,3.96,5.0,36.9,No,1,0,0,0,0,1,0,0
4431,13.994264705882344,34.8,65200.0,-2.4384729064039483,-91401.2388059703,36.44,25.11,87.34,-1.5035049999999996,3.119,6.2,7.15,23.88,28.8,Yes,0,1,0,0,0,1,0,0
37555,-1.6757352941176507,36.0,96797.0,6.8915270935960535,-2441.2388059702935,79.82,11.63,74.97,-2.671505,2.811,7.2,2.55,9.41,42.0,Yes,0,0,1,0,0,1,0,0
35103,-3.0991575091575108,40.5,49588.0,-9.951245551601422,-120059.3759124087,40.54,8.52,63.42,0.6859148148148148,3.775,54.1,7.59,5.0,33.7,No,1,0,0,0,0,0,1,0
8622,-6.419157509157511,42.8,109258.0,14.248754448398577,392189.6240875913,61.75,21.28,91.93,0.7149148148148147,2.868,0.1,15.0,47.04,30.5,No,0,0,1,0,1,0,0,0
17624,3.744264705882344,36.7,76878.0,4.291527093596052,-84214.2388059703,43.11,10.82,84.64,-2.186505,7.051,63.7,,5.0,,Yes,1,0,0,0,1,0,0,0
18879,-12.68915750915751,42.2,59741.0,0.06875444839857714,-116617.3759124087,52.1,4.8,90.7,-0.08008518518518531,2.795,59.0,3.5,23.3,59.5,No,0,0,1,0,1,0,0,0
16034,8.744264705882344,32.0,59191.0,5.351527093596051,,29.66,17.85,77.02,-1.4055049999999998,2.291,80.0,,6.98,17.8,Yes,0,0,0,1,1,0,0,0
9088,-9.219157509157512,42.7,45061.0,-0.2312455516014218,-139854.3759124087,71.01,10.78,69.79,2.2809148148148144,10.304,9.7,12.61,5.0,17.1,No,1,0,0,0,0,1,0,0
8348,1.244264705882344,31.8,60617.0,4.681527093596053,-64877.23880597029,71.1,23.94,70.46,-1.2405049999999997,7.882,49.8,15.0,5.0,25.6,Yes,0,0,1,0,0,1,0,0
13122,-2.199157509157512,38.5,66675.0,-10.791245551601422,-102584.3759124087,89.28,10.22,77.2,2.3099148148148148,-0.585,7.6,1.47,10.22,42.0,No,0,0,1,0,0,1,0,0
30360,0.6208424908424846,36.9,50440.0,-5.631245551601422,-63119.375912408694,67.94,7.79,40.14,1.8329148148148144,2.706,0.4,6.04,5.0,5.0,No,1,0,0,0,0,1,0,0
19545,6.524264705882345,35.7,71975.0,-8.108472906403948,-208873.2388059703,31.8,2.02,88.82,0.1994950000000002,5.727,3.8,,7.54,9.0,Yes,1,0,0,0,0,1,0,0
10306,-10.355735294117654,40.9,86294.0,-2.0484729064039477,-27400.238805970293,72.61,10.53,76.67,1.8324950000000002,5.971,43.6,2.32,5.0,24.0,Yes,0,0,0,1,0,1,0,0
22929,-2.789157509157512,43.6,67865.0,-7.401245551601423,56664.624087591306,51.47,22.83,66.94,-1.5780851851851851,0.529,0.2,15.0,13.01,49.2,No,1,0,0,0,1,0,0,0
1818,-6.789157509157512,46.7,92222.0,9.818754448398577,44073.624087591306,62.18,8.73,70.51,-0.28508518518518533,8.476,11.8,12.2,5.0,28.3,No,0,0,0,1,0,1,0,0
29855,1.4642647058823428,34.6,55132.0,-16.638472906403948,-141172.2388059703,43.15,12.56,66.02,2.5834950000000005,7.476,1.2,,5.68,16.4,Yes,0,0,1,0,0,1,0,0
3952,-1.8391575091575127,46.4,103899.0,13.528754448398578,39338.624087591306,83.18,13.39,17.01,0.14591481481481472,6.446,5.1,6.4,5.0,36.2,No,0,0,1,0,0,0,1,0
10366,13.230842490842491,33.6,76315.0,-4.491245551601422,97899.6240875913,56.85,12.49,49.46,-2.8793549999999994,9.07,1.4,6.81,23.84,44.6,No,0,0,1,0,0,1,0,0
6101,-1.4691575091575118,40.8,125597.0,13.078754448398579,45508.624087591306,48.4,9.11,24.91,0.2549148148148147,6.357,29.4,7.54,5.0,21.6,No,0,1,0,0,0,0,1,0
5397,1.1042647058823434,39.6,170241.0,28.69152709359605,660385.7611940297,79.45,14.06,76.42,-0.6735049999999998,6.346,13.4,8.05,32.23,32.5,Yes,0,0,0,1,0,1,0,0
30108,-6.61915750915751,49.2,,-2.1512455516014217,-122272.3759124087,49.87,7.11,81.17,-2.8793549999999994,9.673,34.9,4.4,13.6,29.6,No,0,0,0,1,0,1,0,0
9629,-1.465735294117657,37.2,,0.08152709359605126,-21975.238805970293,75.66,9.8,41.17,1.7244950000000001,8.304,17.5,15.0,11.82,33.7,Yes,0,0,0,1,0,0,1,0
17026,4.1208424908424846,33.2,67091.0,-8.961245551601422,-61667.375912408694,58.34,5.05,81.64,-0.7660851851851853,2.475,53.1,5.8,5.0,23.4,No,0,1,0,0,0,1,0,0
12928,0.710842490842488,44.1,90083.0,5.338754448398577,173108.6240875913,55.93,26.17,42.05,1.3179148148148148,6.9,10.7,8.6,5.0,34.3,No,0,0,1,0,0,0,1,0
18656,-1.1591575091575095,37.7,116318.0,21.288754448398578,139933.6240875913,44.84,7.37,45.28,0.20891481481481466,3.007,15.3,11.29,29.39,36.4,No,0,0,0,1,0,0,1,0
14097,1.720842490842486,38.3,58192.0,-1.091245551601423,27896.624087591306,75.86,18.11,64.82,-1.9160851851851852,6.512,12.9,,5.81,35.1,No,0,0,0,1,1,0,0,0
5442,-5.499157509157513,38.2,83569.0,7.358754448398576,-64508.375912408694,86.13,,73.1,-1.4800851851851853,6.43,9.9,10.05,5.0,11.8,No,0,0,0,1,0,1,0,0
26832,4.310842490842489,37.5,69732.0,8.488754448398579,-98556.3759124087,58.96,20.01,49.01,-1.2090851851851854,0.85,28.1,6.24,18.11,,No,0,0,1,0,0,0,1,0
9455,-1.2857352941176572,36.3,90793.0,-2.8884729064039476,20545.761194029707,80.75,5.04,68.77,1.2274950000000002,4.634,15.5,15.0,9.57,21.1,Yes,0,1,0,0,0,1,0,0
4493,-12.649157509157511,45.7,124033.0,11.658754448398577,55204.624087591306,43.21,12.14,78.22,0.3659148148148147,5.796,24.2,5.4,16.93,30.7,No,0,1,0,0,0,1,0,0
9900,3.3108424908424894,39.1,67230.0,3.448754448398576,-103154.3759124087,61.63,16.31,18.34,-0.3830851851851853,3.691,23.2,4.81,5.0,33.6,No,0,0,0,1,0,0,1,0
38197,4.560842490842489,36.5,40763.0,-10.621245551601422,-81375.3759124087,46.98,9.06,85.41,-1.2080851851851855,5.944,3.2,11.05,5.0,17.5,No,1,0,0,0,0,1,0,0
24225,,40.8,94879.0,10.611527093596052,224342.7611940297,74.7,,21.25,1.4484950000000003,7.418,15.8,15.0,8.26,31.2,Yes,0,1,0,0,0,0,1,0
10466,-5.835735294117654,40.9,54641.0,-7.9784729064039475,-184728.2388059703,52.51,8.3,51.1,1.9844950000000003,4.908,3.3,9.36,9.44,37.5,Yes,1,0,0,0,0,0,1,0
10462,-2.4157352941176526,33.6,69557.0,-11.268472906403947,,65.84,,53.49,1.4254950000000002,5.674,13.1,15.0,25.4,34.7,Yes,0,0,1,0,0,1,0,0
10666,-7.259157509157511,44.8,96322.0,10.638754448398577,,74.09,11.3,48.96,,9.15,17.0,1.84,5.0,23.4,No,0,0,0,1,0,1,0,0
57166,2.944264705882347,38.1,81152.0,-9.878472906403948,-99871.2388059703,82.95,7.37,53.89,-0.36350499999999974,6.42,80.0,5.44,9.38,24.3,Yes,0,0,0,1,0,1,0,0
17454,3.6008424908424885,43.0,70572.0,7.458754448398578,52447.624087591306,81.92,9.44,83.33,-1.7710851851851852,5.602,0.5,5.52,8.5,,No,0,0,0,1,0,1,0,0
18052,1.3508424908424885,39.8,59780.0,-10.791245551601422,-20650.375912408694,30.71,6.44,83.21,0.16891481481481463,2.126,1.4,11.39,12.09,45.4,No,1,0,0,0,1,0,0,0
27479,-1.6791575091575126,38.0,30000.0,-3.011245551601423,-148851.3759124087,70.3,3.63,58.73,-0.7070851851851854,7.013,1.2,3.64,9.88,32.7,No,0,1,0,0,0,1,0,0
15790,3.930842490842487,38.1,93378.0,9.578754448398579,21585.624087591306,63.97,7.69,43.39,-2.8793549999999994,5.99,7.6,9.89,14.25,11.9,No,0,1,0,0,0,1,0,0
11144,0.25426470588234906,40.7,66934.0,-8.408472906403947,-50151.23880597029,63.77,15.75,63.35,1.1704950000000003,8.851,25.9,3.02,5.0,40.3,Yes,0,0,0,1,0,1,0,0
11644,,39.1,124202.0,22.74875444839858,40904.624087591306,70.26,10.91,38.91,-0.7310851851851854,5.141,27.9,5.51,29.33,34.6,No,0,0,1,0,0,0,1,0
12706,9.02084249084249,35.8,84061.0,8.188754448398578,-67151.3759124087,46.67,8.58,30.59,3.027033916666665,-0.449,20.0,8.75,5.0,39.9,No,0,1,0,0,0,1,0,0
13016,-2.285735294117657,38.4,60512.0,1.5415270935960521,-248403.2388059703,71.75,10.37,53.79,0.8194950000000003,-0.1,34.1,9.38,5.0,22.4,Yes,1,0,0,0,0,0,1,0
22233,-4.985735294117653,36.4,106234.0,15.751527093596053,312520.7611940297,51.49,26.22,51.89,,7.207,5.8,7.26,44.96,23.8,Yes,0,0,1,0,0,0,1,0
13854,-13.265735294117654,40.1,109414.0,9.001527093596053,248473.7611940297,38.32,25.61,95.28,0.2824950000000004,3.289,1.4,5.93,11.77,19.9,Yes,0,1,0,0,1,0,0,0
22311,7.174264705882344,36.8,67733.0,-13.818472906403947,-14540.238805970293,74.22,10.46,87.61,-2.174505,6.31,0.9,5.25,5.3,49.2,Yes,0,1,0,0,1,0,0,0
12625,-5.395735294117657,43.6,111054.0,2.3615270935960524,128702.7611940297,75.5,,71.98,,5.343,28.7,,25.7,23.0,Yes,0,0,0,1,0,1,0,0
14115,3.210842490842488,39.8,60212.0,-3.921245551601423,-104640.3759124087,77.46,30.0,70.86,0.7469148148148147,4.499,19.7,4.11,11.02,18.4,No,0,0,0,1,0,1,0,0
3298,-2.775735294117652,39.1,77333.0,4.811527093596052,-152098.2388059703,57.7,30.0,42.23,-0.3395049999999997,4.711,18.0,11.35,20.69,21.5,Yes,0,0,0,1,0,0,1,0
25372,-8.559157509157512,39.9,89321.0,2.0987544483985783,12125.624087591306,81.07,17.41,18.96,-0.6370851851851853,2.404,6.2,6.9,24.21,24.7,No,0,0,1,0,0,0,1,0
17026,9.390842490842488,40.3,96247.0,4.928754448398577,75938.6240875913,72.06,10.64,38.48,-1.2010851851851854,4.953,7.2,2.88,5.0,43.6,No,0,0,1,0,0,0,1,0
26865,-2.4057352941176546,40.4,90901.0,15.181527093596053,116812.7611940297,75.3,22.91,67.35,0.011495000000000033,3.247,47.6,1.95,27.92,30.8,Yes,1,0,0,0,0,1,0,0
1759,-2.4391575091575106,38.5,65092.0,-2.6612455516014215,-21760.375912408694,76.42,19.34,75.24,1.0959148148148148,3.883,1.0,3.01,13.88,40.3,No,0,0,1,0,0,1,0,0
57633,-0.34573529411765236,41.2,107236.0,0.4215270935960511,-75943.2388059703,56.19,14.43,73.6,,4.029,22.3,15.0,,30.9,Yes,0,0,1,0,0,1,0,0
12116,-2.1891575091575106,42.2,,5.928754448398577,-142458.3759124087,52.28,11.88,39.68,-2.2160851851851855,4.32,5.6,2.71,14.23,26.2,No,0,0,0,1,0,0,1,0
29019,0.5208424908424902,37.3,59924.0,-3.891245551601422,-153246.3759124087,65.99,4.58,55.88,-1.8790851851851853,7.767,0.6,3.27,5.0,17.6,No,0,0,0,1,1,0,0,0
6451,0.09426470588234537,38.1,60233.0,-16.638472906403948,-151286.2388059703,83.77,20.32,29.91,1.4484950000000003,4.611,20.4,8.42,5.46,43.9,Yes,0,1,0,0,0,1,0,0
20515,-7.425735294117654,39.1,144205.0,25.381527093596056,540011.7611940297,64.22,21.37,92.23,-2.170505,8.071,6.0,3.64,18.89,37.9,Yes,0,0,1,0,0,1,0,0
6390,2.3508424908424885,47.1,56404.0,-10.521245551601423,-44526.375912408694,62.24,10.01,88.56,-0.017085185185185314,9.614,19.2,5.72,5.0,38.8,No,0,0,1,0,0,1,0,0
8633,6.004264705882349,38.2,114929.0,8.251527093596053,282511.7611940297,70.9,3.76,81.32,1.9574950000000002,7.565,18.4,11.97,16.35,37.3,Yes,1,0,0,0,0,1,0,0
51012,-2.7191575091575118,41.2,49147.0,-7.351245551601422,-118422.3759124087,51.78,5.4,75.37,-1.5830851851851855,6.603,11.5,15.0,,20.9,No,0,0,0,1,0,0,1,0
11690,-2.159157509157513,41.9,,6.778754448398578,28192.624087591306,79.78,6.37,76.36,-0.7930851851851853,5.98,22.5,6.73,17.06,30.7,No,0,0,1,0,0,1,0,0
15556,,43.9,81143.0,-10.791245551601422,-78934.3759124087,53.64,14.58,51.01,-0.8770851851851853,7.596,13.0,15.0,17.16,38.9,No,0,0,0,1,0,1,0,0
24564,-8.149157509157511,42.1,128982.0,15.458754448398578,481317.6240875913,74.16,11.09,44.2,3.027033916666665,5.268,5.1,15.0,20.28,37.4,No,0,0,1,0,0,0,1,0
18901,10.374264705882347,33.5,58160.0,-0.8384729064039469,-74213.2388059703,74.62,20.53,27.53,3.027033916666665,7.954,19.9,2.8,10.8,29.6,Yes,0,0,1,0,0,0,1,0
14843,,43.8,52800.0,-1.3884729064039476,-236981.2388059703,72.69,3.53,66.16,0.5594950000000001,6.842,13.3,15.0,,,Yes,0,0,0,1,0,0,1,0
17248,7.534264705882343,35.6,70208.0,-14.008472906403949,-76404.2388059703,69.6,15.38,42.01,0.6234950000000001,3.92,0.2,4.23,19.54,33.3,Yes,0,0,0,1,0,0,1,0
71853,-11.275735294117652,38.6,130964.0,20.281527093596054,217318.7611940297,45.58,11.24,84.61,-2.1045049999999996,7.688,34.8,2.37,32.2,41.2,Yes,0,1,0,0,1,0,0,0
12831,-3.3657352941176555,35.6,53666.0,-16.638472906403948,-135705.2388059703,81.48,18.77,82.25,2.951495,5.274,11.8,,7.51,30.0,Yes,0,0,0,1,0,1,0,0
15379,4.460842490842488,43.1,30000.0,,-154004.3759124087,28.52,6.39,73.7,1.1959148148148149,4.682,30.4,5.86,5.0,24.3,No,0,0,0,1,0,1,0,1
27874,-2.015735294117654,39.4,74676.0,-7.248472906403947,-33679.23880597029,62.25,9.54,48.67,0.7624950000000004,3.571,32.2,1.34,13.9,37.7,Yes,0,0,0,1,0,0,1,0
28965,5.284264705882343,35.0,101959.0,4.721527093596052,95309.7611940297,69.63,6.89,66.77,-1.154505,5.498,8.8,4.22,20.41,35.3,Yes,0,0,1,0,0,1,0,0
30666,-2.985735294117653,38.6,51285.0,-3.9784729064039475,-266709.2388059703,60.49,24.79,64.6,-1.4795049999999996,7.989,10.6,1.43,6.51,31.5,Yes,1,0,0,0,0,1,0,0
20891,-5.285735294117657,42.4,98398.0,4.851527093596051,-110934.2388059703,54.88,2.17,36.45,2.382495,7.667,8.1,,12.34,19.5,Yes,0,0,1,0,0,0,1,0
6002,-0.1357352941176515,37.6,50890.0,-13.118472906403948,-240081.2388059703,68.08,,95.66,0.13549500000000014,6.06,9.0,6.93,5.0,,Yes,0,1,0,0,0,1,0,0
41915,0.4642647058823428,33.9,69473.0,1.4315270935960527,-213445.2388059703,73.12,5.3,53.62,,6.799,33.8,8.33,13.09,20.1,Yes,0,0,1,0,0,1,0,0
5988,-3.565735294117651,40.4,,-4.698472906403948,137607.7611940297,75.79,5.13,43.42,-0.4325049999999997,8.815,23.3,5.06,7.72,35.8,Yes,0,0,0,1,0,1,0,0
16512,4.254264705882349,40.7,,-13.548472906403948,-146470.2388059703,71.46,5.85,60.25,-2.6405049999999997,4.55,2.0,8.23,5.0,17.0,Yes,0,0,1,0,0,1,0,0
7879,0.8008424908424914,43.0,77927.0,10.148754448398579,-81356.3759124087,69.48,9.22,17.21,-0.5060851851851853,1.654,14.1,2.64,17.85,19.5,No,0,1,0,0,0,0,1,0
12773,-2.0757352941176563,37.3,111886.0,11.181527093596053,278952.7611940297,75.29,15.27,70.96,-0.7375049999999999,8.903,80.0,3.99,24.89,30.9,Yes,0,0,0,1,0,1,0,0
16816,4.060842490842489,42.5,86325.0,1.078754448398577,-45124.375912408694,67.95,3.18,82.03,-0.5920851851851854,3.411,13.6,9.31,5.0,33.8,No,0,0,0,1,0,1,0,0
16729,,37.0,56827.0,-10.791245551601422,-118606.3759124087,46.83,8.38,79.62,,2.929,23.1,2.29,9.69,,No,0,0,1,0,0,1,0,0
17949,-8.685735294117652,44.7,,13.361527093596052,66346.7611940297,47.93,11.53,80.0,1.4594950000000004,-0.389,22.0,4.74,43.93,22.7,Yes,1,0,0,0,1,0,0,0
41340,-1.4591575091575137,42.0,92082.0,-6.021245551601423,55830.624087591306,62.22,14.61,54.28,-0.42908518518518535,6.714,6.5,8.61,22.28,39.1,No,0,0,1,0,0,1,0,0
18351,4.494264705882344,32.5,38133.0,-16.638472906403948,-277644.2388059703,48.01,1.99,34.74,-0.6675049999999998,0.136,7.0,2.15,5.0,29.4,Yes,0,1,0,0,0,0,1,0
11260,2.1242647058823465,43.0,98961.0,12.341527093596053,59543.76119402971,29.7,16.54,36.65,-0.35150499999999973,2.749,19.3,13.98,30.32,29.9,Yes,0,0,1,0,0,0,1,0
26235,1.9442647058823468,38.0,59875.0,-4.528472906403948,-153688.2388059703,77.29,11.38,51.07,-2.1195049999999998,6.765,10.4,6.49,29.46,26.4,Yes,0,0,1,0,0,1,0,0
30718,-3.999157509157513,42.8,78338.0,-10.791245551601422,186610.6240875913,85.44,7.72,6.23,3.027033916666665,7.166,12.7,11.59,20.72,20.8,No,0,0,1,0,0,0,1,0
5657,1.8908424908424877,35.3,104068.0,11.958754448398578,-22062.375912408694,53.97,7.43,86.39,-1.5730851851851853,3.045,18.7,6.46,5.0,39.3,No,0,0,0,1,0,1,0,0
20296,-7.689157509157511,43.7,60333.0,-5.861245551601423,-142235.3759124087,55.27,4.51,80.74,1.1839148148148149,4.598,22.5,7.83,13.75,21.6,No,0,0,0,1,1,0,0,0
21825,-10.525735294117652,44.9,41111.0,-16.638472906403948,-298868.2388059703,52.49,2.52,60.67,-0.4515049999999998,2.382,4.8,4.91,16.27,45.0,Yes,0,0,1,0,0,1,0,0
10847,6.044264705882348,42.4,123864.0,13.37152709359605,250780.7611940297,63.85,15.28,62.78,-1.0525049999999998,3.355,2.4,4.12,5.0,19.8,Yes,1,0,0,0,0,1,0,0
34996,14.870842490842485,39.6,109930.0,8.248754448398577,-3788.3759124086937,47.87,3.43,83.72,-1.9330851851851851,5.799,5.2,2.7,29.35,,No,0,0,0,1,0,1,0,0
12027,4.650842490842486,40.1,70930.0,-3.881245551601422,92557.6240875913,55.41,5.94,46.08,,3.495,10.6,10.88,8.2,28.7,No,0,0,0,1,0,1,0,0
14587,-3.265735294117654,34.7,98587.0,3.791527093596052,66754.7611940297,70.94,15.69,83.18,0.5434950000000001,4.267,6.3,6.21,30.3,26.9,Yes,0,0,0,1,0,1,0,0
11835,-1.54915750915751,40.7,64261.0,-7.091245551601422,-29299.375912408694,46.24,1.0,89.06,-0.6900851851851854,0.606,12.6,5.64,7.85,34.8,No,0,0,0,1,1,0,0,0
13506,-13.715735294117653,40.7,75655.0,-3.6084729064039482,-33973.23880597029,57.66,6.46,70.84,0.47149500000000044,8.399,0.8,1.67,14.85,35.9,Yes,0,0,0,1,0,1,0,0
6201,8.264264705882347,36.6,69529.0,-11.028472906403948,-174794.2388059703,40.58,8.23,92.38,-0.19350499999999982,6.53,10.7,7.53,13.48,33.4,Yes,0,0,1,0,1,0,0,0
4875,8.320842490842487,33.7,65177.0,-6.101245551601422,-110476.3759124087,41.34,7.72,69.07,-1.9000851851851852,7.379,6.9,5.03,15.94,17.4,No,0,0,1,0,1,0,0,0
40788,-7.895735294117653,40.1,82930.0,5.841527093596053,,39.01,5.14,35.29,-2.651505,8.871,11.5,,17.7,16.3,Yes,0,1,0,0,0,0,1,0
7384,0.5542647058823462,36.7,47912.0,-4.288472906403948,-173409.2388059703,64.76,8.6,33.47,1.333495,2.524,8.2,8.52,5.0,,Yes,0,1,0,0,0,0,1,0
6674,-6.849157509157511,40.3,66966.0,-10.791245551601422,-100366.3759124087,56.85,,55.33,1.2799148148148145,3.925,5.0,14.11,6.61,25.6,No,0,0,0,1,0,0,1,0
2959,-1.6157352941176555,37.3,81639.0,3.471527093596052,-147982.2388059703,27.06,21.36,45.16,-2.0725049999999996,-0.685,35.2,1.44,12.84,49.2,Yes,0,0,1,0,0,0,1,0
8541,4.034264705882343,36.8,139153.0,26.66152709359605,526549.7611940297,59.66,7.29,39.45,-2.6605049999999997,14.421,3.1,8.52,39.59,27.5,Yes,0,0,0,1,0,0,1,0
5291,2.910842490842491,39.8,48599.0,5.478754448398577,-207476.3759124087,39.21,8.25,75.44,-0.3700851851851853,4.551,17.2,5.67,9.49,49.0,No,0,0,0,1,0,1,0,0
42167,4.180842490842487,31.1,87745.0,9.418754448398579,187418.6240875913,82.79,,61.43,-0.22808518518518534,8.116,38.8,4.25,7.86,27.7,No,0,0,1,0,0,0,1,0
27088,-2.6891575091575106,33.5,,-2.131245551601422,203380.6240875913,71.45,,48.13,-1.0310851851851854,1.286,11.6,,6.1,29.6,No,0,0,1,0,0,1,0,0
8252,12.70084249084249,35.0,37916.0,-5.2812455516014225,-198722.3759124087,74.42,19.35,50.86,-2.8230851851851853,7.989,31.4,2.64,8.53,34.0,No,1,0,0,0,1,0,0,0
64647,3.4242647058823437,36.8,84430.0,-8.578472906403947,-131794.2388059703,71.34,13.85,50.93,1.3364950000000002,10.573,2.0,3.89,8.86,25.1,Yes,1,0,0,0,0,0,1,0
26561,-5.145735294117657,40.5,99518.0,0.3415270935960528,-74363.2388059703,59.81,10.27,62.19,0.9974950000000002,4.819,10.2,8.39,24.91,30.3,Yes,0,0,1,0,1,0,0,0
10642,,38.4,89861.0,8.978754448398577,162723.6240875913,72.19,,24.69,-1.8860851851851854,1.967,9.2,14.13,14.41,11.0,No,0,0,1,0,0,0,1,0
2322,12.820842490842487,36.0,71013.0,-6.411245551601422,38082.624087591306,51.97,7.53,46.55,0.9339148148148148,4.584,0.1,12.95,24.85,19.1,No,0,0,1,0,0,0,1,0
66413,5.570842490842487,38.6,82177.0,-5.661245551601422,146278.6240875913,61.34,1.0,64.8,-1.1430851851851853,-1.68,8.8,2.96,5.67,11.2,No,1,0,0,0,0,1,0,0
5050,-2.8257352941176563,37.0,77609.0,-0.03847290640394618,92966.7611940297,41.28,5.77,83.22,-1.4665049999999997,4.886,6.9,6.8,26.29,35.3,Yes,0,0,1,0,0,1,0,0
4222,-6.699157509157512,44.9,,5.418754448398579,-124041.3759124087,88.28,14.6,41.59,-0.029085185185185325,7.463,16.6,7.16,12.46,14.4,No,0,0,1,0,1,0,0,0
27331,-7.175735294117654,41.1,78249.0,6.381527093596052,-147360.2388059703,38.45,5.51,48.97,-1.799505,4.893,41.8,6.1,7.66,42.1,Yes,1,0,0,0,0,1,0,0
73705,5.264264705882347,38.5,64313.0,-2.2584729064039486,-175322.2388059703,59.08,17.19,81.62,3.027033916666665,4.148,1.3,1.02,5.0,31.6,Yes,0,0,1,0,1,0,0,0
35206,-10.18915750915751,43.1,57143.0,3.528754448398578,6383.624087591306,46.87,9.86,54.24,,6.583,6.0,7.81,26.06,37.6,No,1,0,0,0,0,0,1,0
19825,-14.105735294117654,48.9,174510.0,31.62152709359605,238746.7611940297,86.6,12.65,49.98,-2.5605049999999996,6.812,8.8,5.99,27.1,21.5,Yes,0,0,1,0,0,0,1,0
20258,-1.3791575091575154,42.1,113370.0,16.858754448398578,15450.624087591306,60.45,16.37,82.31,-0.8640851851851854,0.02,9.1,6.56,23.91,16.8,No,0,0,1,0,0,1,0,0
24279,0.1608424908424908,38.3,48895.0,0.29875444839857757,-73314.3759124087,45.94,8.77,75.42,2.7489148148148144,5.266,22.4,13.55,8.18,24.5,No,0,0,1,0,1,0,0,0
22725,10.38084249084249,39.2,82563.0,-7.311245551601422,23077.624087591306,68.06,30.0,88.23,-2.6430851851851855,12.308,8.8,15.0,13.24,38.6,No,1,0,0,0,1,0,0,0
16266,-5.955735294117652,35.3,121821.0,11.651527093596052,382895.7611940297,81.41,8.25,89.28,-2.468505,0.995,0.4,6.05,30.77,,Yes,0,1,0,0,0,1,0,0
14370,1.4342647058823488,38.3,43318.0,-15.128472906403948,-188263.2388059703,59.74,21.47,63.21,1.9504950000000005,4.744,18.6,6.89,5.0,33.1,Yes,1,0,0,0,0,1,0,0
12787,2.014264705882347,38.7,75127.0,-3.908472906403947,,44.3,13.12,80.06,-0.4555049999999998,10.825,32.4,2.77,30.61,14.8,Yes,0,0,0,1,0,1,0,0
7881,1.494264705882344,38.3,76376.0,-7.838472906403947,87813.7611940297,51.21,6.55,80.24,-0.5595049999999997,8.313,10.8,2.97,5.0,18.3,Yes,1,0,0,0,0,1,0,0
10976,4.184264705882349,36.1,46813.0,-9.218472906403948,-242033.2388059703,77.63,12.12,80.45,3.027033916666665,3.46,13.1,15.0,5.0,13.1,Yes,0,0,1,0,1,0,0,0
4084,2.6042647058823434,34.6,83520.0,-8.458472906403948,-67672.2388059703,73.68,13.07,76.29,-0.4505049999999997,5.618,2.7,15.0,5.0,26.7,Yes,0,0,1,0,1,0,0,0
12471,-12.345735294117652,39.7,108086.0,1.4915270935960514,67284.7611940297,50.63,4.51,72.61,-2.359505,4.994,3.7,8.53,29.98,25.2,Yes,0,1,0,0,0,1,0,0
6687,1.220842490842486,39.8,123972.0,11.348754448398578,39770.624087591306,56.09,16.2,52.02,0.09691481481481468,2.756,4.0,15.0,,26.6,No,0,0,1,0,0,1,0,0
6170,,32.3,67018.0,5.688754448398578,-23391.375912408694,66.07,,83.51,-1.6100851851851852,4.777,8.5,6.64,29.34,17.3,No,0,0,1,0,0,1,0,0
15152,6.664264705882346,41.7,175531.0,26.741527093596055,182289.7611940297,72.37,21.93,52.42,1.5684950000000004,4.16,39.5,10.02,47.73,16.3,Yes,0,0,1,0,0,0,1,0
35397,-5.145735294117657,32.0,35586.0,-16.638472906403948,-267054.2388059703,68.07,11.8,76.86,0.20549500000000043,5.338,11.1,11.62,5.0,28.9,Yes,0,0,1,0,1,0,0,0
25408,4.474264705882348,36.1,82840.0,-5.108472906403948,-66156.2388059703,70.41,6.64,81.87,1.305495,2.755,3.2,8.84,13.23,32.8,Yes,0,0,1,0,0,1,0,0
4449,-1.5891575091575092,40.7,44609.0,-8.191245551601423,-85817.3759124087,48.49,11.37,90.29,,1.17,4.6,5.63,5.0,16.2,No,0,0,0,1,1,0,0,0
6682,5.890842490842488,39.6,75475.0,,111355.6240875913,77.03,9.79,70.35,-0.16708518518518534,4.876,7.3,7.87,5.0,32.7,No,0,0,0,1,0,1,0,1
25810,,37.2,60920.0,-10.791245551601422,-137403.3759124087,87.91,8.03,55.92,-1.2290851851851854,10.145,14.6,8.87,5.0,37.5,No,0,1,0,0,1,0,0,0
6716,9.140842490842488,40.5,87326.0,10.528754448398578,32468.624087591306,66.08,7.55,63.7,0.5579148148148146,5.247,8.7,12.33,23.42,5.0,No,1,0,0,0,0,1,0,0
11415,3.8108424908424894,34.5,69953.0,3.4687544483985793,,59.31,9.09,53.98,-1.0850851851851853,4.005,7.5,3.34,5.0,43.8,No,0,0,1,0,0,0,1,0
19634,-1.3257352941176563,37.1,54770.0,-16.638472906403948,-233406.2388059703,34.34,,59.87,-0.6135049999999997,7.262,12.5,12.74,5.0,,Yes,0,0,1,0,1,0,0,0
6782,-6.8891575091575135,43.8,56044.0,7.078754448398579,-10420.375912408694,58.57,2.02,56.21,2.9249148148148145,4.525,4.2,11.76,5.0,37.6,No,0,0,0,1,0,0,1,0
14382,4.414264705882346,40.2,143826.0,21.241527093596055,407461.7611940297,29.48,7.48,34.44,-1.279505,10.604,1.2,1.96,36.64,17.8,Yes,0,0,0,1,0,1,0,0
5251,-0.4191575091575146,35.8,85411.0,,-36271.375912408694,56.87,28.97,74.45,0.9609148148148147,4.988,0.4,7.47,5.0,35.9,No,0,0,1,0,1,0,0,1
8769,-0.2491575091575129,47.9,40305.0,-10.791245551601422,-177509.3759124087,35.73,3.86,90.69,0.4729148148148147,7.101,4.3,7.63,5.0,37.0,No,0,0,0,1,1,0,0,0
16711,-0.5557352941176532,35.9,,1.531527093596054,-127323.2388059703,73.5,30.0,61.82,0.6614950000000004,2.736,1.4,4.86,10.83,21.5,Yes,0,0,0,1,0,1,0,0
4380,9.070842490842487,33.2,68313.0,-1.1812455516014229,19050.624087591306,37.38,14.44,76.35,-0.6750851851851853,6.509,6.1,10.54,12.16,35.8,No,0,0,0,1,0,1,0,0
18184,1.480842490842491,40.9,73248.0,-7.521245551601423,-102241.3759124087,57.9,5.89,64.27,-2.8793549999999994,5.825,22.2,11.55,,26.6,No,0,0,0,1,0,1,0,0
13177,-0.6791575091575126,39.0,97436.0,-0.07124555160142165,319022.6240875913,65.02,13.99,12.63,1.6029148148148145,4.83,18.9,8.14,20.86,21.8,No,0,0,1,0,0,0,1,0
19667,-5.275735294117652,38.5,110650.0,13.511527093596051,246591.7611940297,31.9,7.03,77.02,1.0324950000000004,3.495,14.2,13.14,18.68,26.0,Yes,0,1,0,0,0,1,0,0
15626,3.8808424908424897,40.5,54144.0,-10.791245551601422,-110598.3759124087,54.51,5.58,81.1,1.5539148148148145,3.086,28.7,2.95,5.0,,No,1,0,0,0,0,1,0,0
34713,2.934264705882349,32.9,72373.0,-2.878472906403948,-46279.23880597029,88.28,14.27,36.28,-2.223505,5.847,5.0,15.0,19.61,25.0,Yes,0,0,1,0,0,1,0,0
14583,1.014264705882347,33.0,60407.0,-10.638472906403948,-29461.238805970293,40.94,,60.72,,6.887,32.4,7.42,5.0,20.1,Yes,0,1,0,0,0,1,0,0
9891,-1.54915750915751,38.5,90120.0,9.96875444839858,112554.6240875913,49.47,2.65,80.87,,4.619,7.6,15.0,22.84,31.9,No,0,0,0,1,0,1,0,0
14553,8.920842490842489,40.4,67419.0,-3.4512455516014224,-108231.3759124087,61.89,14.62,40.33,0.9439148148148148,5.862,7.7,10.63,20.8,33.6,No,0,1,0,0,0,0,1,0
19541,0.6442647058823496,36.5,73882.0,-2.578472906403949,-97324.2388059703,56.62,5.94,65.06,-1.1955049999999998,4.886,7.8,5.33,34.34,29.5,Yes,1,0,0,0,0,1,0,0
13824,,43.4,66529.0,-13.168472906403949,-6926.2388059702935,83.49,19.37,8.19,2.701495,5.296,1.5,7.38,5.0,11.8,Yes,0,0,0,1,0,0,1,0
13744,7.3408424908424905,41.3,,-0.5412455516014223,35420.624087591306,72.92,9.65,79.01,-1.2330851851851854,4.399,55.6,6.91,5.0,22.2,No,0,0,1,0,0,1,0,0
8173,0.4342647058823488,39.1,132803.0,17.40152709359605,313193.7611940297,66.37,6.72,61.27,2.6064950000000002,5.054,2.2,10.18,26.23,,Yes,0,0,1,0,0,1,0,0
8399,1.6942647058823468,38.9,168850.0,25.961527093596054,661113.7611940297,31.15,17.28,66.66,-0.8795049999999998,13.094,6.3,15.0,34.5,45.3,Yes,0,0,0,1,1,0,0,0
5004,6.160842490842491,38.9,83448.0,6.948754448398576,191198.6240875913,56.49,11.75,81.38,-2.8793549999999994,5.935,5.8,6.49,21.71,29.2,No,0,0,0,1,0,1,0,0
45465,-6.1391575091575135,42.2,70615.0,-7.521245551601423,114102.6240875913,73.08,30.0,49.1,,6.936,1.2,15.0,,25.2,No,0,0,1,0,0,0,1,0
5593,-6.729157509157513,40.8,41836.0,-10.791245551601422,-216166.3759124087,58.05,7.16,13.89,2.5799148148148148,6.314,2.5,15.0,5.0,22.4,No,0,0,1,0,0,0,1,0
8225,8.730842490842491,36.5,56041.0,-9.241245551601423,-67450.3759124087,47.05,2.92,75.29,-0.06908518518518536,4.212,0.7,3.29,5.53,26.8,No,1,0,0,0,0,1,0,0
8079,-7.559157509157512,38.9,69957.0,-2.5212455516014227,,57.71,,49.57,-2.2890851851851854,8.882,5.2,6.37,19.32,35.5,No,0,1,0,0,0,1,0,0
24995,-1.8391575091575127,33.8,56938.0,6.498754448398577,-14341.375912408694,60.78,7.67,24.27,0.33191481481481466,4.127,30.2,5.63,5.0,9.7,No,0,0,0,1,0,0,1,0
10867,4.27084249084249,41.9,59073.0,-6.541245551601422,-36965.375912408694,43.34,3.51,44.0,-1.0530851851851852,8.165,6.2,12.21,5.0,30.3,No,0,0,1,0,0,0,1,0
31997,1.744264705882344,38.3,126929.0,2.501527093596053,34579.76119402971,68.97,13.45,56.51,0.04049500000000039,3.997,2.0,6.78,29.78,23.0,Yes,0,0,1,0,0,1,0,0
8337,-1.8357352941176543,39.0,,-0.5984729064039485,26350.761194029707,42.2,9.62,9.98,0.6034950000000001,2.12,15.6,8.26,5.0,32.3,Yes,0,0,1,0,0,0,1,0
16241,2.5508424908424914,40.3,76219.0,12.428754448398577,90654.6240875913,53.65,9.39,82.53,-1.4520851851851853,6.096,80.0,15.0,,,No,0,1,0,0,1,0,0,0
7444,-2.2291575091575133,38.0,57758.0,-10.791245551601422,-164372.3759124087,46.96,15.91,85.03,-0.7510851851851853,1.686,4.0,15.0,21.41,21.0,No,0,0,1,0,0,1,0,0
59970,13.874264705882347,31.2,110430.0,,105276.7611940297,76.04,8.23,31.72,0.5694950000000003,6.607,4.9,15.0,19.9,14.3,Yes,0,0,0,1,0,0,1,1
5817,-1.8457352941176524,38.1,67886.0,-3.4784729064039475,-179987.2388059703,46.47,22.86,22.85,-2.661505,1.418,53.6,5.88,5.0,25.0,Yes,0,0,1,0,0,0,1,0
16595,10.420842490842489,40.8,60943.0,5.148754448398579,-92450.3759124087,41.91,13.56,85.93,-1.5030851851851854,4.043,3.0,15.0,16.94,40.9,No,0,0,0,1,1,0,0,0
20819,3.3308424908424854,35.4,42055.0,2.7087544483985777,-228340.3759124087,51.94,4.19,63.07,-1.6960851851851855,0.705,10.7,9.05,5.0,36.4,No,1,0,0,0,0,1,0,0
17848,-3.465735294117657,31.5,71583.0,2.1415270935960535,-101511.2388059703,47.96,15.68,59.48,-0.23950499999999986,13.473,4.1,11.87,5.0,24.2,Yes,1,0,0,0,0,1,0,0
11734,,35.8,60281.0,-4.211245551601422,-44115.375912408694,81.44,9.21,30.98,1.2789148148148146,0.038,40.4,15.0,11.27,21.7,No,0,0,1,0,1,0,0,0
12199,-11.339157509157513,46.7,131874.0,28.788754448398578,364902.6240875913,48.78,30.0,61.18,-0.7070851851851854,5.029,59.9,2.99,25.98,22.4,No,0,0,1,0,1,0,0,0
13775,20.36426470588235,27.1,139436.0,17.601527093596054,357477.7611940297,84.06,6.33,89.74,-0.9335049999999998,8.43,25.3,8.94,21.23,15.0,Yes,0,0,1,0,1,0,0,0
12053,5.8642647058823485,33.1,47460.0,-4.458472906403948,-129746.2388059703,54.65,3.92,62.82,2.110495,8.109,5.7,15.0,5.0,35.8,Yes,0,1,0,0,0,1,0,0
26231,-2.785735294117657,40.0,49377.0,-2.9884729064039472,-240201.2388059703,72.83,6.09,87.97,-2.8793549999999994,7.554,7.7,7.4,5.0,37.7,Yes,0,1,0,0,0,1,0,0
62778,5.680842490842487,45.9,66389.0,-10.151245551601422,-126385.3759124087,47.59,7.6,35.04,-2.8793549999999994,4.048,4.2,10.24,16.45,24.1,No,0,0,0,1,0,0,1,0
9043,-2.379157509157512,36.5,54961.0,1.358754448398578,-5458.375912408694,79.26,,37.9,1.5709148148148144,9.053,33.2,6.77,5.0,23.0,No,0,0,0,1,0,1,0,0
5121,0.6808424908424868,35.5,78912.0,1.0387544483985778,-71376.3759124087,63.44,15.12,38.43,0.43991481481481465,7.74,36.9,6.81,5.0,21.0,No,1,0,0,0,0,1,0,0
12559,10.640842490842488,37.7,65230.0,-0.6812455516014229,92477.6240875913,45.2,2.03,58.11,-0.7590851851851853,5.637,8.1,10.59,9.82,23.5,No,0,0,1,0,0,1,0,0
81291,4.6142647058823485,40.6,80675.0,-1.7884729064039462,83024.7611940297,81.21,5.21,90.44,0.36049500000000023,5.722,16.0,14.69,27.26,20.6,Yes,0,1,0,0,1,0,0,0
7611,-2.9157352941176526,37.4,104363.0,5.291527093596052,91292.7611940297,49.44,10.86,37.68,0.7344950000000003,4.088,2.7,5.7,19.92,26.4,Yes,0,0,0,1,0,0,1,0
42082,-0.8191575091575132,35.2,50388.0,5.768754448398576,-8575.375912408694,56.07,3.88,48.84,-2.8793549999999994,2.271,8.6,15.0,10.98,35.9,No,0,0,0,1,0,1,0,0
43234,-1.3057352941176532,40.1,103603.0,-6.568472906403947,-79724.2388059703,67.75,14.17,22.7,-2.2485049999999998,8.711,15.0,7.89,19.42,,Yes,0,0,0,1,0,0,1,0
9067,-1.995735294117651,40.8,56668.0,-16.638472906403948,-192187.2388059703,47.01,5.01,80.98,3.027033916666665,8.937,7.3,12.99,15.73,19.6,Yes,0,0,1,0,0,1,0,0
19896,7.444264705882347,41.5,155122.0,4.991527093596051,430488.7611940297,29.34,5.81,21.31,0.22349500000000022,2.348,6.6,7.59,50.66,29.5,Yes,0,0,1,0,0,0,1,0
41767,-8.495735294117654,42.9,128970.0,20.84152709359605,136583.7611940297,81.32,3.34,44.26,0.4084950000000003,4.539,0.0,10.72,20.37,34.5,Yes,1,0,0,0,0,0,1,0
10245,,43.4,70292.0,-6.391245551601422,114357.6240875913,47.77,3.49,44.03,3.0069148148148144,4.57,24.5,7.88,10.21,18.6,No,0,0,1,0,0,0,1,0
11585,-0.7191575091575118,39.3,52195.0,-4.801245551601422,-187260.3759124087,36.86,17.71,87.81,0.6949148148148147,4.902,33.0,2.38,7.28,29.4,No,0,0,0,1,0,1,0,0
8891,-5.089157509157513,48.7,48815.0,-7.831245551601422,-103823.3759124087,66.65,11.05,62.04,,5.193,52.3,6.34,10.0,40.1,No,0,0,1,0,0,1,0,0
6566,-15.479157509157513,43.3,99287.0,1.7687544483985782,174975.6240875913,57.7,6.85,72.55,2.0969148148148147,7.841,19.1,6.84,18.65,25.6,No,0,0,0,1,0,1,0,0
8480,5.944264705882347,34.8,72356.0,,-24904.238805970293,57.09,15.83,85.78,0.13449500000000025,2.758,11.9,8.06,5.15,7.8,Yes,0,0,1,0,1,0,0,1
5671,5.570842490842487,43.6,101154.0,8.428754448398577,,60.47,30.0,68.26,0.016914814814814716,2.461,4.7,15.0,17.72,5.0,No,0,0,0,1,0,1,0,0
13682,-7.175735294117654,36.1,,19.51152709359605,274311.7611940297,76.73,8.12,11.93,-0.5995049999999997,8.71,80.0,13.67,56.36,31.1,Yes,1,0,0,0,0,0,1,0
7793,-5.579157509157511,36.0,55846.0,-2.851245551601423,-1544.3759124086937,67.41,24.5,94.88,,3.612,13.4,12.15,9.6,29.1,No,0,0,1,0,1,0,0,0
15735,8.920842490842489,37.5,47545.0,-1.5412455516014223,-177837.3759124087,34.81,17.27,18.25,0.6869148148148146,1.211,17.1,6.59,,29.9,No,0,0,0,1,0,0,1,0
4495,-2.449157509157512,40.6,78229.0,-5.391245551601422,135880.6240875913,29.68,10.76,75.15,,3.545,17.2,1.92,8.11,32.9,No,0,0,0,1,1,0,0,0
16841,-4.955735294117652,39.2,109170.0,13.081527093596051,142322.7611940297,75.31,11.04,30.13,-2.5245049999999996,4.01,28.0,5.55,19.93,13.2,Yes,1,0,0,0,0,0,1,0
23943,-0.3391575091575092,42.9,52619.0,5.878754448398579,,93.64,30.0,64.29,0.09591481481481468,9.665,0.1,14.04,5.0,19.9,No,0,1,0,0,1,0,0,0
3308,3.990842490842489,35.9,74022.0,-10.441245551601423,75809.6240875913,65.53,3.21,20.52,-1.2260851851851853,7.774,3.7,5.66,10.32,32.2,No,1,0,0,0,0,0,1,0
17358,-8.725735294117655,41.2,118126.0,11.131527093596052,21540.761194029707,56.14,22.64,74.09,-1.9535049999999998,8.443,16.4,,24.89,35.4,Yes,0,0,1,0,1,0,0,0
31551,5.064264705882344,35.8,41294.0,-16.638472906403948,-213051.2388059703,62.77,8.94,76.42,-1.2715049999999999,7.46,33.8,3.98,7.91,25.4,Yes,0,0,1,0,0,1,0,0
5728,-4.205735294117652,37.0,79408.0,2.3915270935960535,82952.7611940297,60.45,6.98,70.07,-0.13850499999999988,7.839,17.3,4.06,14.94,,Yes,0,0,1,0,1,0,0,0
43079,6.464264705882343,36.3,60534.0,-16.638472906403948,-144655.2388059703,61.05,,24.43,0.9554950000000004,2.936,8.0,15.0,17.14,31.4,Yes,0,0,0,1,0,0,1,0
17913,-1.289157509157512,42.8,76378.0,14.728754448398577,166892.6240875913,67.88,8.21,51.56,-0.2670851851851853,4.404,6.7,12.59,5.0,28.5,No,0,0,1,0,0,1,0,0
8155,4.1342647058823445,43.5,93753.0,-11.578472906403949,19957.761194029707,59.1,2.46,90.08,1.7264950000000003,2.03,20.1,11.7,13.41,17.4,Yes,0,0,0,1,1,0,0,0
12848,-6.659157509157513,43.6,79006.0,0.5687544483985771,-75405.3759124087,49.4,20.41,72.98,2.5379148148148145,4.369,20.3,10.89,16.59,8.2,No,0,0,0,1,0,1,0,0
19748,6.674264705882344,28.9,51350.0,-8.488472906403947,-196848.2388059703,73.48,7.26,55.0,0.06449500000000041,7.052,14.0,15.0,7.9,33.7,Yes,0,0,1,0,0,1,0,0
14089,15.110842490842487,35.2,61363.0,-8.481245551601422,60139.624087591306,52.49,18.15,79.83,0.9679148148148146,5.404,5.2,15.0,5.0,21.8,No,1,0,0,0,0,1,0,0
19479,-15.039157509157512,44.5,120488.0,8.738754448398579,,57.2,10.62,88.02,1.2989148148148146,8.934,38.9,7.9,17.3,29.9,No,0,0,1,0,0,1,0,0
7013,,39.9,82053.0,-0.5984729064039485,100191.7611940297,72.63,11.35,59.7,,1.576,12.0,9.39,5.0,29.5,Yes,0,0,1,0,0,1,0,0
15041,-6.145735294117657,40.8,98136.0,3.2715270935960525,209449.7611940297,73.25,6.96,54.26,1.503495,6.501,23.4,9.48,26.8,16.5,Yes,1,0,0,0,0,1,0,0
4966,12.924264705882344,38.3,79825.0,-3.0184729064039484,-79598.2388059703,75.95,8.28,93.34,1.7264950000000003,1.255,3.6,6.46,5.0,32.2,Yes,0,0,0,1,1,0,0,0
12359,-2.2091575091575137,41.7,97070.0,15.038754448398576,-34009.375912408694,69.83,3.79,37.57,0.7439148148148146,5.283,6.3,9.52,5.0,19.4,No,1,0,0,0,0,0,1,0
7095,4.304264705882346,41.8,63662.0,-11.278472906403948,-55394.23880597029,70.87,17.25,62.67,0.16649500000000028,7.221,31.1,7.69,12.6,13.0,Yes,0,0,0,1,0,0,1,0
7983,-1.4057352941176546,37.5,55902.0,-7.988472906403947,-193525.2388059703,53.63,7.33,73.61,1.7434950000000002,4.356,0.8,15.0,11.91,,Yes,0,0,1,0,1,0,0,0
31737,-1.8991575091575115,40.9,95539.0,3.6387544483985774,228268.6240875913,41.34,17.02,80.76,,6.653,10.8,8.71,5.0,28.0,No,1,0,0,0,1,0,0,0
28678,2.1542647058823476,40.2,108508.0,-0.8984729064039492,86762.7611940297,29.93,1.0,49.23,-1.5805049999999998,2.121,9.9,6.04,25.89,43.9,Yes,1,0,0,0,0,1,0,0
20463,-8.169157509157511,40.6,53103.0,,-95161.3759124087,70.57,20.41,66.81,0.6929148148148147,0.009,20.9,15.0,,28.4,No,1,0,0,0,0,1,0,1
6219,2.7808424908424882,36.7,59779.0,-7.471245551601422,7800.624087591306,64.33,10.21,28.79,2.4599148148148147,6.671,5.0,,12.6,45.8,No,0,0,1,0,0,0,1,0
10705,-4.925735294117651,38.0,69069.0,-10.018472906403948,-118043.2388059703,45.67,13.09,43.94,0.886495,10.232,3.7,6.14,10.49,42.5,Yes,0,0,0,1,0,0,1,0
31231,1.8042647058823462,35.6,128918.0,21.59152709359605,184374.7611940297,62.41,1.0,50.14,-1.4055049999999998,2.012,39.1,15.0,28.98,33.2,Yes,0,0,0,1,0,1,0,0
14753,,40.7,89062.0,3.6287544483985794,,43.68,1.87,46.62,-2.356085185185185,8.667,12.7,,19.37,43.7,No,0,0,1,0,0,1,0,0
67746,4.6008424908424885,33.0,46007.0,-10.791245551601422,-151925.3759124087,77.18,30.0,67.81,,5.13,1.7,5.43,,42.6,No,0,1,0,0,0,1,0,0
17594,6.6008424908424885,33.2,70788.0,0.17875444839857835,3739.6240875913063,74.89,6.2,45.84,-1.1760851851851855,0.993,3.2,7.24,12.64,39.8,No,0,0,1,0,0,0,1,0
15282,-0.4191575091575146,45.6,67100.0,-0.3612455516014226,60834.624087591306,75.32,27.01,79.89,-2.3190851851851852,1.605,80.0,4.39,8.42,9.2,No,0,1,0,0,1,0,0,0
10760,3.480842490842491,36.6,48501.0,-10.791245551601422,-141859.3759124087,70.37,5.76,84.27,-1.8670851851851853,5.047,3.3,4.51,5.0,,No,0,0,0,1,1,0,0,0
