region,area_type,total_population,pct_age_25_45,median_age,median_hh_income,pct_income_over_100k,median_home_value,homeownership_rate,vacancy_rate,pct_single_family,pop_growth_rate,home_value_appreciation,new_permits_per_1000,unemployment_rate,pct_bachelors_plus,avg_commute_time,high_potential
Midwest,Suburban,15129,37.07,39.8,78433.0,14.3,544694.0,73.28,1.0,71.78,-0.525,5.979,3.4,1.59,15.13,30.3,No
West,Rural,5246,37.77,45.7,43425.0,2.0,272856.0,62.37,28.07,69.89,0.026,9.083,7.9,7.25,5.0,,Yes
South,Suburban,17433,23.78,34.9,75579.0,11.35,311832.0,72.21,1.21,74.29,3.788,5.117,7.9,6.65,5.0,47.6,No
Midwest,Suburban,20484,28.26,43.5,56860.0,5.13,186516.0,79.62,16.13,49.99,-0.351,5.634,5.7,3.14,5.0,33.3,No
Midwest,Urban,19768,36.52,33.8,42315.0,15.62,136529.0,57.79,20.32,40.37,1.45,8.549,2.4,6.65,5.0,31.8,Yes
South,Urban,28468,35.58,38.6,116765.0,24.2,,85.2,17.16,54.68,,0.367,0.1,15.0,5.0,40.2,No
Northeast,Urban,23950,38.37,38.2,110624.0,25.59,588859.0,46.96,3.39,35.78,0.572,6.561,52.7,10.39,,32.0,No
Midwest,Rural,18424,35.79,43.8,70433.0,12.17,472961.0,56.36,19.92,83.18,1.108,4.965,43.1,4.1,5.0,17.4,No
Northeast,Suburban,12719,31.93,38.3,103755.0,19.01,517423.0,41.07,17.43,67.89,-0.366,6.698,9.9,3.16,14.8,20.7,No
Midwest,Suburban,4176,42.55,41.2,142365.0,35.75,907118.0,66.57,5.89,61.42,-0.721,3.55,79.6,6.05,26.73,46.3,Yes
West,Urban,18046,32.95,36.6,95218.0,,455479.0,33.18,5.22,35.49,1.773,2.546,16.8,15.0,29.12,20.9,No
West,Rural,15450,33.54,44.0,86498.0,18.29,504658.0,69.46,10.72,89.06,-0.489,5.422,1.1,9.82,24.0,33.7,No
Northeast,Rural,16156,46.78,34.5,78404.0,8.25,464739.0,87.99,9.13,93.22,-0.421,9.948,1.9,11.34,5.0,18.1,Yes
Northeast,Urban,5465,26.57,42.2,91796.0,17.66,339264.0,71.61,,15.07,-0.678,7.583,37.2,10.9,12.97,40.8,No
South,Urban,6268,33.71,38.9,64384.0,,286178.0,61.28,20.2,31.5,1.044,3.477,14.9,13.33,19.63,,No
South,Urban,27923,36.65,42.9,66381.0,9.93,368362.0,41.99,18.48,48.7,3.087,0.977,27.8,9.73,5.0,,Yes
West,Suburban,12994,33.16,43.3,85631.0,18.68,281108.0,83.45,2.57,41.83,4.213,-0.046,34.3,12.44,15.61,25.7,No
Midwest,Suburban,21526,31.57,41.9,61953.0,11.32,275452.0,84.36,16.14,79.25,-0.252,8.948,8.9,15.0,,33.0,No
Northeast,Suburban,13627,33.24,36.6,64342.0,14.07,330666.0,56.26,17.28,44.48,5.501,2.135,0.7,3.0,8.98,29.7,No
South,Urban,13640,31.98,38.3,73135.0,17.95,510840.0,35.83,6.97,38.4,-0.809,4.023,3.1,15.0,11.62,37.1,No
West,Suburban,25765,42.59,34.1,109394.0,23.42,535826.0,63.39,30.0,56.11,3.367,8.964,1.0,14.45,16.36,34.6,Yes
West,Urban,9309,22.93,36.4,49196.0,2.0,308174.0,62.87,7.94,38.5,-0.243,0.158,3.1,5.86,15.46,30.8,No
Northeast,Urban,14289,37.82,42.4,95388.0,10.68,451020.0,64.71,5.97,20.37,-0.542,9.477,7.9,6.0,7.7,,Yes
Midwest,Suburban,9666,33.52,39.0,96483.0,28.92,596801.0,74.81,5.57,76.04,-0.29,4.239,1.9,10.67,17.77,35.0,No
Midwest,Suburban,9856,36.84,37.9,96281.0,26.87,518151.0,42.76,28.48,73.47,1.095,1.554,2.7,11.7,34.41,24.0,No
West,Suburban,10759,37.36,43.3,,13.05,360967.0,50.28,11.76,88.49,2.36,4.258,8.9,10.46,9.4,23.3,Yes
West,Urban,15607,29.0,39.9,40439.0,9.75,187789.0,83.59,9.49,24.29,2.54,2.832,6.2,5.0,5.0,43.5,No
South,Suburban,9555,37.98,36.1,88955.0,17.13,481888.0,48.87,4.84,57.02,-0.688,6.322,9.5,15.0,18.21,35.1,No
South,Suburban,32177,25.47,41.7,78091.0,10.03,431068.0,47.89,21.01,25.67,,3.056,8.4,5.24,36.34,32.0,No
Northeast,Urban,7142,27.33,38.4,103936.0,15.26,485332.0,44.84,5.28,50.25,-0.633,-0.735,15.5,15.0,18.88,20.0,No
Midwest,Suburban,11721,41.47,38.6,57228.0,2.0,204718.0,70.44,6.01,75.98,0.977,4.338,41.5,4.68,14.74,,Yes
Northeast,Urban,9820,33.37,38.9,95419.0,30.14,321966.0,48.64,1.71,36.36,0.78,0.93,1.7,9.56,16.41,25.1,Yes
Northeast,Urban,36786,43.73,35.4,105772.0,19.73,324369.0,27.0,9.26,26.78,-0.7,5.613,1.6,,21.7,23.5,Yes
West,Rural,15330,34.97,37.7,70731.0,21.17,459336.0,80.83,3.07,79.86,1.739,1.439,28.7,8.09,9.4,24.9,No
Midwest,Rural,27509,33.35,39.7,84619.0,15.57,333898.0,51.48,7.71,81.97,,3.536,10.6,14.22,5.0,36.5,Yes
Northeast,Rural,4722,35.02,39.7,83590.0,11.34,321489.0,64.29,17.76,75.38,0.191,5.548,21.8,4.06,17.14,43.3,No
Midwest,Suburban,16105,32.7,38.6,54857.0,2.0,326077.0,62.14,7.26,54.46,0.333,4.363,3.6,6.96,5.0,39.1,No
South,Urban,24902,32.19,39.3,88069.0,13.44,376940.0,47.61,6.38,42.73,2.319,5.751,26.5,9.89,11.39,21.9,Yes
West,Suburban,14151,28.35,41.3,129039.0,42.3,648315.0,77.89,4.52,73.77,0.082,7.041,38.6,7.1,43.88,33.4,No
South,Suburban,28165,41.1,37.1,73700.0,4.98,269008.0,80.09,25.21,55.25,2.538,1.526,15.1,1.27,10.21,23.1,No
Northeast,Urban,9301,37.67,38.8,43856.0,21.26,299930.0,50.69,25.97,68.4,,4.807,1.7,15.0,5.0,,No
West,Suburban,35830,39.93,36.0,57496.0,2.0,368338.0,58.94,15.92,70.57,4.864,-4.989,33.8,9.9,9.28,27.2,No
South,Urban,66784,35.65,42.3,39230.0,8.88,253235.0,58.07,13.62,42.74,,5.742,23.6,4.9,5.0,40.6,No
Midwest,Rural,10363,43.13,37.4,114874.0,25.36,531532.0,60.99,4.45,78.88,-0.04,4.098,20.8,13.95,22.3,24.7,Yes
West,Urban,9780,33.38,38.5,95553.0,17.92,578042.0,59.09,15.66,34.73,0.023,2.05,0.6,2.44,,36.3,No
West,Suburban,36951,34.95,40.5,61360.0,2.0,219392.0,56.76,10.28,24.99,0.172,5.947,24.1,11.77,15.64,21.3,No
South,Suburban,40364,43.42,36.7,44519.0,3.75,135091.0,62.13,17.55,91.29,3.945,8.518,2.2,9.2,,34.9,Yes
Midwest,Suburban,9264,41.08,32.5,54630.0,2.0,168254.0,74.3,1.3,70.92,-1.338,3.572,3.8,4.72,5.0,,No
West,Suburban,9955,41.99,38.4,58489.0,2.0,312705.0,62.13,,70.48,-0.136,2.166,12.9,2.1,10.72,43.2,No
Midwest,Urban,10968,27.34,38.7,75985.0,15.33,366367.0,85.16,3.17,61.06,0.077,5.495,4.6,13.59,30.85,24.9,No
West,Rural,5212,37.87,41.4,75095.0,9.01,380886.0,51.29,7.31,61.66,1.169,0.993,16.2,6.38,5.0,22.6,No
Northeast,Suburban,7022,41.18,36.9,116949.0,40.65,354338.0,73.38,8.48,61.27,0.658,3.019,14.1,15.0,29.31,42.7,Yes
West,Rural,6615,38.68,40.7,57384.0,16.56,,59.58,11.4,67.04,-1.782,8.667,1.7,1.22,11.03,22.2,No
West,Rural,7805,42.27,35.4,43136.0,17.68,253306.0,57.34,14.56,90.43,0.4,5.187,16.0,15.0,7.32,30.1,Yes
Northeast,Suburban,13039,,36.7,48779.0,2.0,232713.0,67.93,21.38,42.83,1.001,-0.638,38.6,15.0,13.7,22.3,No
West,Rural,15739,28.59,45.1,72543.0,14.38,430098.0,69.56,6.44,83.65,-0.056,-0.391,2.6,9.18,7.87,37.2,No
South,Urban,39551,32.44,39.5,56667.0,2.0,222818.0,73.11,18.71,14.24,2.574,5.486,13.6,7.41,8.19,41.0,No
South,Urban,6641,46.25,34.4,66025.0,9.0,412825.0,68.32,13.4,38.52,3.039,7.587,6.3,6.1,,21.3,Yes
Midwest,Urban,26609,35.99,41.2,62385.0,10.91,333992.0,89.01,1.47,35.88,1.043,0.147,9.2,8.51,5.0,33.5,No
West,Suburban,11501,23.3,44.9,103423.0,24.18,,54.15,8.66,44.35,1.661,6.349,5.1,9.18,22.94,,No
Midwest,Suburban,12905,24.27,41.1,59549.0,8.9,235032.0,54.42,26.32,64.87,-3.122,8.991,6.6,5.16,5.0,29.3,No
South,Urban,21426,34.98,33.5,64082.0,11.18,353227.0,44.29,20.76,32.78,0.358,10.664,0.4,14.75,26.82,43.3,No
South,Rural,6088,38.28,36.7,93999.0,2.0,594050.0,40.34,8.21,79.71,3.21,5.994,59.9,3.17,10.92,43.2,Yes
South,Suburban,17460,30.93,42.8,60009.0,11.43,279792.0,52.99,11.11,76.69,0.353,6.52,14.7,15.0,5.0,,No
West,Urban,15010,35.07,37.2,84806.0,20.99,342039.0,76.2,16.73,42.11,-0.275,-1.4,10.4,5.35,24.91,40.1,No
West,Suburban,18858,29.85,41.0,82126.0,26.99,531194.0,75.1,18.74,73.67,5.755,11.299,7.3,9.11,5.59,33.1,Yes
West,Urban,16357,35.7,37.3,76850.0,,436283.0,58.19,12.29,51.98,4.838,3.274,11.6,10.95,5.0,30.4,Yes
West,Rural,74511,24.0,37.0,,4.94,235620.0,69.68,7.39,81.22,2.135,2.2,7.2,4.12,8.67,25.7,No
Northeast,Urban,8549,39.17,36.2,112467.0,34.61,556891.0,74.98,,24.19,3.478,4.234,6.7,4.41,33.94,13.2,Yes
South,Rural,9212,38.3,40.5,159092.0,21.48,607258.0,88.98,6.61,89.92,-3.252,9.535,9.4,7.29,39.65,30.8,Yes
West,Suburban,8636,45.95,29.1,73356.0,9.43,403986.0,55.35,16.33,67.05,-0.375,11.624,4.8,10.92,5.12,31.1,Yes
Midwest,Urban,9055,41.39,38.3,50704.0,2.0,224870.0,52.31,3.44,39.12,0.26,5.376,3.0,15.0,6.46,47.9,No
West,Urban,8551,41.07,34.1,73879.0,13.44,515866.0,31.25,19.18,28.3,0.728,7.994,12.2,1.12,8.1,21.3,No
West,Rural,30709,28.57,43.3,103409.0,5.35,508848.0,70.43,2.98,80.15,0.22,5.13,27.8,4.14,34.96,11.9,No
Northeast,Suburban,36111,30.23,43.1,58964.0,19.61,291491.0,69.53,17.9,87.64,-3.9,1.887,2.5,,5.0,,No
Northeast,Suburban,8959,34.32,39.2,69904.0,10.47,367933.0,63.36,,42.82,1.972,9.43,0.5,10.51,10.97,43.9,Yes
South,Suburban,7460,35.99,38.7,82390.0,18.92,549296.0,57.32,10.52,48.54,2.287,3.134,4.3,8.16,14.79,23.5,No
Northeast,Urban,18582,32.69,37.8,111420.0,27.23,691168.0,67.48,,44.21,4.404,9.607,58.5,2.31,8.75,41.6,Yes
West,Suburban,9076,44.6,32.6,95932.0,30.7,,22.35,17.11,49.0,-0.377,8.896,26.5,6.9,14.55,28.1,Yes
South,Urban,20807,20.52,48.9,97334.0,6.15,571817.0,58.35,24.53,36.06,-0.54,6.842,13.6,3.67,15.07,18.3,No
West,Rural,15398,33.65,37.3,62994.0,11.21,336699.0,76.19,5.66,83.42,-4.16,10.487,39.7,12.44,22.02,48.0,No
Northeast,Suburban,4623,28.72,46.1,84176.0,26.1,418309.0,36.77,8.06,42.75,0.613,11.697,8.8,15.0,15.5,41.2,No
West,Suburban,39468,46.36,33.5,56801.0,7.59,214097.0,38.68,24.85,84.37,3.002,4.474,61.4,6.1,5.0,26.2,Yes
South,Urban,46962,38.32,40.1,98315.0,13.74,477392.0,61.97,12.28,24.59,-0.024,2.574,5.3,2.2,15.63,38.0,Yes
West,Suburban,8699,35.23,36.0,109417.0,19.99,,45.69,15.07,76.38,5.487,-0.593,4.1,3.83,19.18,29.2,Yes
South,Suburban,10184,29.54,42.7,88758.0,15.22,591072.0,69.82,6.46,35.73,0.687,11.734,15.2,4.58,14.3,32.4,Yes
South,Suburban,16319,38.37,37.5,64305.0,4.95,279188.0,43.25,17.77,67.25,1.494,3.681,7.1,15.0,17.85,45.6,No
South,Suburban,16883,27.83,40.7,68097.0,10.68,463676.0,56.28,8.69,87.54,-1.526,8.405,14.8,4.19,19.31,12.8,No
South,Rural,21183,37.56,40.6,137624.0,45.7,706316.0,52.41,2.0,91.86,1.774,2.776,5.5,1.0,17.0,24.4,Yes
South,Suburban,54564,46.62,34.6,64682.0,6.06,357444.0,62.58,30.0,42.89,-2.759,9.615,14.4,1.56,19.35,28.3,No
South,Urban,11803,45.91,31.9,105608.0,19.73,546179.0,45.2,8.97,34.55,2.587,2.9,4.8,9.8,26.42,31.3,No
West,Suburban,7640,30.52,43.1,82339.0,20.03,289629.0,65.89,11.74,48.24,2.649,1.425,0.8,2.12,12.56,15.5,No
South,Suburban,5087,45.29,33.0,65059.0,9.56,292979.0,43.41,1.46,89.93,3.919,4.374,36.5,3.05,5.0,37.2,Yes
South,Suburban,8009,24.06,44.3,45678.0,2.0,155149.0,57.08,8.5,92.61,-0.84,3.405,32.2,15.0,6.05,16.5,No
Northeast,Suburban,13053,33.8,42.8,78752.0,14.75,432491.0,46.01,3.1,58.17,,6.789,53.0,10.18,8.65,15.5,Yes
West,Suburban,46919,30.82,39.6,75499.0,13.43,361451.0,77.37,9.59,54.45,2.328,4.846,18.9,8.6,16.92,25.5,No
Midwest,Suburban,9299,22.34,46.8,137624.0,41.44,841149.0,67.95,17.4,52.57,2.085,6.883,17.2,4.63,33.37,47.0,No
South,Suburban,15625,40.99,39.1,54118.0,2.0,210079.0,52.45,9.84,66.17,,4.127,12.3,15.0,19.22,53.4,No
South,Urban,13207,43.41,34.9,163271.0,49.51,597288.0,84.77,15.36,47.92,-3.584,3.005,2.0,15.0,,32.9,No
South,Urban,30695,42.72,41.4,,15.94,386205.0,49.37,9.82,19.46,1.894,3.249,3.1,7.65,34.76,25.6,Yes
South,Urban,78343,38.07,35.2,83469.0,7.85,559771.0,59.01,16.0,60.76,0.895,11.135,5.1,3.57,22.32,29.6,No
South,Suburban,9213,37.8,37.5,59422.0,2.0,347124.0,47.7,21.67,78.2,0.067,5.676,33.1,15.0,14.5,,No
South,Suburban,9484,48.16,34.9,81645.0,31.61,381747.0,43.56,1.87,61.99,2.728,-0.951,2.8,2.92,32.08,42.7,Yes
South,Suburban,27747,32.8,42.0,86298.0,16.31,437452.0,38.37,10.3,70.73,1.11,3.439,38.4,6.86,17.25,15.8,No
South,Rural,21532,47.02,39.2,101525.0,29.84,338773.0,85.41,7.11,83.65,-1.438,5.291,11.1,,28.22,,Yes
West,Urban,48664,32.84,43.3,51926.0,2.0,360278.0,62.08,12.0,65.02,-2.663,10.536,18.9,15.0,7.18,13.7,No
South,Suburban,20105,36.61,39.7,119655.0,49.12,677920.0,48.8,5.14,74.18,-1.058,8.086,1.8,,30.82,23.2,Yes
West,Suburban,10388,29.7,40.2,82991.0,23.71,343716.0,54.27,11.72,75.89,5.986,2.235,4.7,3.13,24.86,28.0,Yes
West,Urban,20200,31.85,35.0,90479.0,16.86,483450.0,58.83,7.33,44.04,2.646,12.255,47.7,1.79,25.71,32.1,No
Midwest,Urban,29030,40.52,33.9,67688.0,9.33,232706.0,77.91,10.9,38.34,1.577,4.907,4.6,13.81,5.0,28.0,No
South,Urban,23726,26.09,47.5,52846.0,13.02,362700.0,37.52,11.56,57.08,0.837,8.739,5.3,3.86,5.0,29.8,No
Midwest,Urban,19055,41.54,32.0,75015.0,19.48,277490.0,49.28,4.25,27.6,0.705,1.535,3.3,1.0,22.97,28.4,Yes
West,Rural,28188,41.59,35.2,78085.0,16.49,436660.0,56.17,7.74,86.97,3.534,-2.194,2.1,5.64,17.0,12.8,No
South,Rural,30288,40.5,41.3,45030.0,4.78,179301.0,72.84,16.66,66.24,0.219,0.775,4.0,15.0,5.0,33.8,No
Northeast,Suburban,35154,30.51,41.5,96533.0,25.28,566672.0,32.2,7.68,66.06,2.354,-4.751,15.4,,21.71,36.1,No
Northeast,Rural,21038,32.26,43.1,103650.0,9.08,633020.0,68.09,13.97,96.0,0.503,11.336,9.1,15.0,7.38,41.4,No
South,Rural,11884,29.65,42.7,56648.0,5.36,322535.0,86.67,,72.0,5.08,5.644,12.1,15.0,14.53,46.5,Yes
South,Urban,14804,33.75,44.3,51128.0,2.0,279056.0,77.67,1.78,34.65,2.685,2.226,2.0,8.08,9.0,32.1,No
Midwest,Rural,31087,38.35,39.4,65772.0,16.02,432113.0,59.9,2.52,80.59,3.691,6.358,24.3,5.62,9.8,42.1,Yes
Midwest,Suburban,7541,40.17,39.9,73744.0,8.26,244424.0,35.03,3.62,74.01,0.031,5.568,23.0,9.71,9.15,28.2,No
South,Rural,17293,37.53,36.6,66671.0,2.0,,34.37,4.51,70.37,3.316,6.863,0.3,1.97,11.48,13.5,Yes
South,Rural,10144,,42.2,71587.0,6.65,285857.0,64.67,30.0,84.6,0.575,8.629,7.3,3.46,7.65,37.6,No
West,Suburban,13631,30.09,39.8,79024.0,16.51,549379.0,30.23,13.28,81.63,1.42,4.13,1.1,15.0,9.02,35.4,No
West,Urban,32693,43.74,35.5,45301.0,3.14,206461.0,62.06,9.79,28.91,4.47,2.36,23.6,3.75,21.71,28.0,Yes
West,Urban,15271,39.61,40.8,47162.0,2.0,,45.08,10.2,50.15,-0.886,7.483,20.0,3.3,5.0,27.4,No
West,Suburban,13801,44.93,39.2,30000.0,,172167.0,70.58,7.93,52.37,1.606,7.407,34.8,15.0,,32.8,Yes
West,Rural,5156,39.23,43.3,101711.0,23.0,391416.0,70.04,17.28,77.76,2.076,5.302,4.0,8.72,25.74,24.6,No
Midwest,Rural,22524,26.19,47.0,73521.0,8.95,290848.0,69.54,6.01,80.56,2.24,11.533,9.1,8.85,5.0,,Yes
South,Urban,20990,44.78,39.3,105529.0,21.54,435321.0,76.86,9.35,58.94,0.298,3.687,3.1,2.45,5.0,18.8,Yes
South,Suburban,60735,34.32,34.5,49108.0,4.69,228082.0,66.06,15.11,59.85,5.373,2.3,7.0,15.0,14.92,19.9,No
Midwest,Suburban,10770,,41.6,73757.0,17.11,290403.0,74.07,10.86,72.05,-1.39,6.254,11.1,4.34,23.54,14.8,No
Northeast,Urban,15574,32.67,43.0,78841.0,22.04,242720.0,64.73,3.75,49.49,4.118,2.975,0.8,4.94,5.0,50.4,Yes
West,Urban,15907,53.02,31.8,60076.0,10.57,391549.0,58.7,28.15,84.74,3.63,6.487,18.8,4.84,5.0,28.7,Yes
West,Suburban,40304,36.89,41.1,42459.0,2.0,291372.0,26.93,10.77,62.12,5.002,2.501,11.8,11.25,5.0,40.1,Yes
South,Rural,12497,35.7,36.2,134733.0,32.93,588282.0,80.37,17.01,55.82,-1.976,3.799,26.5,,19.18,17.0,Yes
West,Suburban,16241,42.1,39.2,119342.0,25.21,519618.0,84.82,14.06,88.1,-0.538,10.673,4.8,15.0,,26.2,Yes
West,Suburban,20445,21.23,39.7,63979.0,2.0,193751.0,57.63,18.46,72.65,4.184,3.783,35.0,,5.0,33.5,No
South,Suburban,15223,34.4,37.3,87428.0,26.68,500175.0,52.34,4.27,44.05,-2.554,2.603,80.0,10.96,22.68,42.7,No
South,Suburban,9774,47.77,37.8,61717.0,17.14,388925.0,37.28,3.98,74.66,-2.013,8.512,37.8,2.65,15.15,22.0,Yes
West,Rural,15303,29.77,44.3,51617.0,,185120.0,55.73,28.24,93.37,0.223,1.847,22.6,15.0,18.63,24.0,No
South,Rural,28326,38.82,39.3,138626.0,52.19,504413.0,63.36,,56.22,1.584,2.921,25.1,3.69,20.9,20.1,Yes
South,Urban,6512,34.74,38.7,40971.0,2.0,252395.0,40.4,1.0,19.23,4.384,6.73,12.8,3.91,5.0,26.8,No
South,Suburban,14662,28.46,35.1,66176.0,,361662.0,42.57,12.24,40.52,0.829,7.815,3.2,1.71,6.85,17.8,No
South,Suburban,8183,41.31,37.0,75320.0,,239475.0,61.08,4.45,83.14,-0.016,8.661,17.0,9.62,16.71,13.6,Yes
South,Urban,30838,35.24,41.0,130344.0,31.03,715613.0,56.84,6.67,10.47,1.823,2.758,18.7,15.0,37.24,30.6,Yes
Northeast,Urban,4599,27.33,40.9,100088.0,23.86,423939.0,44.19,13.87,32.49,2.139,6.788,63.4,7.97,39.31,34.7,No
West,Suburban,9034,39.26,38.2,40729.0,2.0,182258.0,79.65,5.43,77.73,2.082,3.602,11.7,4.97,5.0,16.6,No
Midwest,Suburban,17396,26.08,41.6,73060.0,14.66,444126.0,20.0,19.01,50.49,0.844,3.183,4.7,2.33,12.18,,No
Midwest,Urban,39969,40.79,36.8,73671.0,29.1,459982.0,79.08,3.54,70.03,-2.71,8.61,17.3,5.71,19.58,27.0,No
West,Urban,12758,29.9,41.3,67513.0,22.02,310656.0,45.38,15.6,7.79,,3.351,58.2,4.29,15.5,45.1,No
South,Rural,9057,51.64,33.7,90847.0,14.13,616725.0,60.19,11.84,85.82,4.041,5.835,2.9,12.13,32.36,5.0,Yes
West,Urban,49851,32.06,44.7,44659.0,2.0,206585.0,63.64,3.34,47.68,1.574,5.467,5.9,2.44,5.0,32.4,No
West,Urban,4848,35.23,32.8,63384.0,2.0,385840.0,58.17,21.18,27.34,0.555,1.788,11.7,9.3,5.0,,No
Midwest,Suburban,2866,38.5,36.8,86472.0,10.84,426783.0,61.57,12.56,73.53,3.436,7.898,2.8,9.7,27.88,20.9,Yes
West,Rural,18178,31.63,37.9,92767.0,4.33,611346.0,59.62,,74.64,-1.06,6.681,0.3,,,24.5,No
South,Urban,9400,43.14,37.7,77056.0,14.03,510961.0,60.28,14.79,31.02,0.749,-0.959,6.2,1.87,17.17,31.3,No
South,Suburban,6536,36.81,39.2,66109.0,23.36,221443.0,69.73,5.5,35.05,1.476,5.832,30.1,4.31,8.3,27.7,No
West,Suburban,21935,,47.5,70124.0,15.38,473054.0,72.64,24.9,56.61,0.317,2.681,0.7,4.26,19.3,45.0,No
West,Urban,15845,26.32,48.0,94763.0,31.17,597209.0,37.98,18.9,23.09,1.402,8.291,8.4,5.66,7.54,29.0,No
West,Suburban,9001,44.17,34.4,74003.0,22.34,456246.0,77.95,10.4,63.39,0.825,0.664,21.5,12.77,6.42,36.6,Yes
West,Suburban,5452,34.41,39.7,50784.0,2.12,193164.0,47.61,12.35,68.21,-1.599,3.931,45.9,1.15,5.0,32.5,No
Northeast,Suburban,24605,34.8,40.1,,2.0,295410.0,73.86,21.78,55.98,1.563,6.086,63.5,15.0,5.0,34.9,No
West,Suburban,21060,34.23,37.3,43417.0,2.0,277891.0,67.39,7.66,48.97,-1.457,5.163,8.2,3.72,12.67,20.2,No
South,Suburban,12463,30.6,42.7,121716.0,14.92,505924.0,44.26,1.3,78.76,1.531,7.289,45.1,9.79,23.39,30.0,Yes
South,Urban,48661,34.69,38.9,,21.2,660572.0,74.83,13.21,28.72,3.948,0.445,0.5,11.45,7.51,,No
South,Rural,6316,34.06,36.6,70454.0,2.0,225413.0,67.2,14.19,73.02,0.638,9.956,20.6,,24.41,20.8,No
South,Suburban,4592,51.19,33.8,62390.0,14.85,224581.0,63.94,5.83,76.43,-1.143,6.575,15.4,13.43,9.48,37.3,Yes
South,Urban,8231,37.08,35.9,59821.0,9.89,308097.0,54.21,9.46,13.25,0.946,9.079,4.3,6.93,24.39,7.8,No
South,Urban,12940,36.12,42.3,,27.9,568600.0,65.58,10.66,32.59,-0.464,7.623,10.6,4.54,27.87,41.5,Yes
South,Suburban,15840,35.42,45.1,142422.0,43.59,794800.0,41.54,1.48,48.96,2.389,4.965,2.1,15.0,29.99,5.8,Yes
South,Suburban,11283,36.04,39.9,59166.0,10.7,181513.0,57.0,22.45,68.07,0.904,1.147,30.8,15.0,25.64,26.5,No
Northeast,Urban,17093,34.69,39.9,108928.0,37.72,745227.0,38.97,9.79,56.87,4.62,3.309,6.6,10.12,15.99,37.4,Yes
South,Suburban,5563,40.58,38.3,73850.0,18.68,234721.0,80.9,24.19,73.76,3.526,9.769,14.8,4.9,5.0,16.1,Yes
West,Urban,36703,34.19,43.3,67890.0,5.78,242519.0,59.52,21.13,37.04,0.894,9.156,2.6,4.98,25.47,32.2,No
West,Suburban,12613,44.28,40.2,,,,56.42,11.13,51.57,2.631,3.141,3.5,,29.5,31.2,No
Northeast,Urban,29205,33.54,39.6,72870.0,2.0,383837.0,67.61,4.86,24.01,0.414,-3.455,72.3,3.52,24.66,,No
South,Suburban,16981,42.35,38.1,81123.0,8.76,545882.0,82.75,11.29,39.5,1.268,4.362,21.0,10.59,21.59,24.5,No
West,Suburban,18393,42.82,39.1,79769.0,12.5,451794.0,48.65,20.08,69.82,0.477,4.137,49.0,4.53,28.88,23.3,No
Northeast,Rural,19907,31.14,37.2,41400.0,7.93,260432.0,64.56,3.68,70.81,2.733,4.251,5.3,3.96,5.0,12.3,No
Northeast,Urban,18276,26.45,45.7,80897.0,9.9,246988.0,63.73,3.14,62.55,4.066,6.586,2.7,4.94,10.84,27.0,No
Midwest,Suburban,20950,47.53,40.9,60057.0,2.0,310378.0,61.47,17.78,61.24,2.797,7.629,10.5,15.0,5.52,37.2,No
South,Urban,33874,33.84,43.3,44471.0,2.0,215161.0,23.0,14.86,39.26,3.044,7.971,10.2,11.25,5.0,23.4,No
South,Rural,15329,36.71,35.2,61022.0,,304858.0,70.07,14.0,85.93,3.046,6.337,2.9,8.24,5.0,23.9,Yes
Midwest,Rural,21945,30.77,34.9,60846.0,25.25,200113.0,73.1,7.92,39.61,2.303,-0.402,19.8,15.0,9.35,43.9,No
Northeast,Urban,12546,31.86,42.6,104868.0,25.57,601705.0,77.16,17.68,38.74,-1.079,3.976,6.7,15.0,26.63,26.4,No
West,Suburban,36610,45.05,34.2,50396.0,13.89,252629.0,71.12,4.94,73.76,4.602,11.912,3.1,,5.0,31.5,Yes
West,Rural,8320,45.14,37.3,55467.0,2.0,336163.0,53.65,4.18,62.2,4.809,6.123,6.1,7.35,5.0,,Yes
South,Suburban,47129,37.97,43.2,79410.0,2.85,392377.0,45.45,,47.15,0.732,6.103,12.4,13.08,10.99,26.4,No
Midwest,Suburban,12989,34.46,37.7,45980.0,2.0,165414.0,25.38,6.23,65.23,0.459,6.078,19.4,8.25,11.84,34.8,No
South,Urban,4907,40.07,36.8,58066.0,7.99,324764.0,70.58,8.34,14.36,2.425,6.246,9.9,3.06,5.0,37.9,No
South,Urban,14613,32.16,41.2,40840.0,2.0,150681.0,59.61,30.0,50.14,2.302,-2.149,11.2,2.27,26.06,37.0,No
West,Rural,8293,37.37,34.9,,14.11,654869.0,60.95,,79.11,0.796,4.281,2.2,3.25,5.0,38.2,No
West,Rural,24063,29.54,38.9,65809.0,6.5,358821.0,50.41,14.13,89.15,-1.3,4.886,36.9,4.94,5.0,7.2,No
South,Suburban,8460,28.66,41.5,72724.0,2.78,263901.0,35.37,6.11,73.33,1.811,8.844,39.6,5.29,22.02,16.3,No
South,Suburban,9775,38.28,37.6,100770.0,5.13,690209.0,85.78,14.59,72.7,2.303,5.143,17.3,10.25,27.37,22.9,Yes
West,Suburban,3559,37.11,40.7,56795.0,10.69,288147.0,78.65,7.22,70.88,2.652,0.06,0.3,4.89,15.5,20.0,Yes
South,Suburban,9734,36.45,47.4,65565.0,11.48,215813.0,79.29,,66.0,1.899,6.29,11.6,5.83,5.0,20.8,Yes
West,Rural,2448,32.87,40.4,50528.0,12.65,278274.0,81.7,24.96,50.65,0.658,2.589,14.9,14.26,5.0,36.9,No
South,Rural,4408,38.38,36.0,50489.0,2.0,202602.0,64.53,11.0,57.87,3.188,1.35,78.5,5.76,5.0,,No
West,Suburban,22749,32.42,44.5,52986.0,13.26,329296.0,61.76,6.09,75.94,1.332,2.498,80.0,15.0,5.0,26.6,No
West,Suburban,23157,24.31,37.9,61551.0,22.09,386004.0,54.87,13.16,36.16,0.27,6.628,29.2,13.08,11.72,25.7,No
South,Urban,17994,34.96,35.3,63915.0,12.7,442022.0,54.39,27.42,65.08,0.839,8.776,1.0,13.86,5.0,,No
South,Urban,6789,29.44,39.4,80904.0,11.03,405125.0,53.99,25.94,62.49,-2.292,6.449,46.0,11.05,5.0,25.6,No
South,Rural,12920,41.01,36.8,53534.0,8.52,258024.0,65.75,11.73,79.47,,6.896,14.2,3.02,17.58,41.9,Yes
South,Suburban,13326,45.5,34.5,81786.0,10.92,,42.57,20.28,66.49,2.577,6.419,24.2,11.51,11.14,10.4,Yes
Northeast,Urban,5938,49.18,35.2,86660.0,11.11,305899.0,62.56,18.45,53.59,,5.304,7.8,3.92,21.65,,Yes
South,Urban,38268,19.52,45.0,62085.0,15.49,322075.0,38.89,8.94,37.48,4.241,7.091,5.8,15.0,5.0,50.9,Yes
Midwest,Suburban,24690,39.19,41.4,55179.0,6.76,286102.0,59.18,6.15,68.53,0.674,-2.256,9.3,6.34,11.72,40.7,No
South,Urban,11445,35.87,39.5,75340.0,23.81,252983.0,63.62,15.12,43.19,2.175,5.333,2.4,5.96,34.6,18.1,No
Midwest,Urban,13613,40.29,36.2,68116.0,8.37,318233.0,79.03,12.48,54.55,2.785,1.865,6.6,15.0,5.0,23.1,Yes
Midwest,Suburban,15457,33.48,43.0,78993.0,12.58,506593.0,45.16,13.03,62.02,5.886,8.489,29.2,10.03,5.0,38.3,Yes
West,Suburban,3199,26.85,39.5,126684.0,25.68,813895.0,48.04,8.44,78.71,1.49,4.559,0.6,6.08,15.16,25.5,Yes
West,Suburban,11237,33.04,35.2,74908.0,5.07,254458.0,51.65,16.19,69.63,-0.888,5.093,2.5,10.34,32.27,22.9,No
West,Urban,8288,44.44,40.3,58470.0,15.41,196627.0,69.1,5.32,81.23,2.896,0.485,2.0,15.0,6.94,27.0,Yes
South,Suburban,6626,31.37,44.0,53540.0,24.84,216878.0,74.85,3.31,73.82,4.931,8.05,7.7,5.48,14.76,16.8,Yes
Northeast,Urban,10973,36.14,36.8,54270.0,4.53,352704.0,68.85,19.48,31.28,0.555,6.882,80.0,1.41,5.0,26.7,No
Midwest,Suburban,47022,38.24,37.3,43828.0,2.0,154082.0,63.25,10.64,89.72,2.882,6.671,2.9,7.03,7.2,15.9,Yes
Northeast,Suburban,20922,22.59,40.5,101362.0,16.34,,49.27,4.03,78.71,3.657,2.561,2.4,11.1,14.23,35.2,No
South,Suburban,8956,,40.4,33468.0,2.0,113947.0,56.12,8.19,78.95,3.234,2.679,37.0,6.69,14.75,19.6,No
Midwest,Rural,19946,35.17,44.6,86754.0,,476500.0,68.1,9.56,69.44,1.451,5.671,32.1,2.46,20.78,28.5,Yes
Northeast,Suburban,35580,33.67,42.0,53969.0,2.0,,64.32,17.64,58.56,-0.197,2.917,0.5,7.51,5.0,23.6,No
South,Suburban,25520,32.94,43.2,61123.0,5.04,376252.0,54.81,18.57,77.84,1.037,6.305,20.9,4.87,23.58,31.8,Yes
South,Urban,13929,38.64,40.9,53407.0,2.0,210143.0,33.58,12.71,47.85,2.117,-1.483,16.0,,22.57,36.2,No
Midwest,Suburban,8494,27.58,41.7,121303.0,30.88,674057.0,45.87,5.74,36.53,3.016,3.537,21.9,2.34,37.88,30.9,No
West,Urban,21780,44.88,39.8,73549.0,13.07,289983.0,73.23,3.08,53.15,1.868,10.39,10.2,,18.51,21.0,Yes
Midwest,Urban,17596,44.76,38.8,96435.0,11.66,,47.58,10.52,32.71,,6.318,71.3,15.0,13.84,22.4,No
South,Rural,25000,42.3,41.6,115287.0,19.51,748755.0,77.98,14.81,77.42,2.311,5.5,0.7,2.23,23.64,51.6,Yes
Midwest,Suburban,20839,23.81,41.5,77434.0,27.09,271577.0,89.61,7.81,73.73,2.92,10.956,4.0,3.64,7.69,37.5,No
South,Rural,27852,31.17,35.4,48123.0,5.93,311181.0,59.13,5.88,87.28,1.959,-2.008,7.6,7.67,6.74,26.0,No
South,Suburban,9185,,40.8,67695.0,12.59,363813.0,73.15,8.18,64.38,-0.472,2.554,9.0,15.0,5.0,22.3,No
South,Suburban,33596,39.35,39.2,56399.0,9.09,197872.0,66.46,6.09,50.93,0.837,3.796,38.1,3.35,5.0,13.6,Yes
Midwest,Suburban,15341,,36.0,61314.0,20.94,288799.0,69.48,13.5,77.25,3.096,7.575,12.3,3.79,29.26,39.3,Yes
Midwest,Suburban,57107,33.28,39.3,70748.0,4.37,257766.0,82.07,11.07,77.19,-1.566,7.627,0.7,15.0,13.3,20.9,No
West,Suburban,8246,36.17,46.8,69776.0,9.26,404797.0,54.85,4.06,78.57,-2.986,2.402,7.9,12.63,5.65,38.5,No
West,Urban,45034,36.51,37.1,,15.67,509858.0,23.99,20.23,22.74,4.216,7.994,8.1,4.64,5.0,36.3,Yes
Northeast,Suburban,15344,29.9,38.5,88881.0,4.63,304256.0,50.0,13.32,48.72,2.223,3.79,50.5,15.0,13.72,41.5,No
West,Urban,8467,36.27,39.4,69776.0,5.1,350593.0,34.49,8.76,49.03,2.413,8.635,13.7,8.65,17.4,35.6,Yes
Midwest,Urban,9521,35.42,42.9,,25.32,527103.0,76.98,8.59,32.36,-0.954,1.902,15.1,7.95,14.92,25.9,No
West,Suburban,10676,29.78,47.9,60338.0,15.56,406958.0,46.6,4.24,65.95,2.675,4.63,18.7,5.28,,,Yes
West,Urban,17978,43.85,38.8,115864.0,34.33,585584.0,38.49,10.02,55.98,1.75,3.529,22.0,,25.72,28.2,Yes
West,Rural,19263,,35.8,59998.0,4.66,408053.0,23.72,1.0,83.68,-1.969,8.168,15.1,9.37,11.44,25.3,No
South,Rural,8941,,46.6,111192.0,21.65,571833.0,78.29,,82.66,4.049,3.432,4.1,,27.35,11.8,Yes
Midwest,Rural,13133,39.7,38.0,43624.0,2.0,,73.56,15.27,94.02,1.517,4.873,31.1,3.68,10.73,6.4,Yes
West,Suburban,59849,33.33,37.5,64014.0,18.08,409229.0,58.22,9.17,69.67,0.408,6.52,19.8,11.43,7.62,35.6,Yes
South,Urban,44769,37.18,35.6,65131.0,19.75,323826.0,77.6,8.69,49.61,0.444,6.636,20.3,14.85,7.4,26.2,No
Northeast,Rural,18131,41.23,40.1,80631.0,24.49,394092.0,40.12,17.22,72.7,-2.83,7.661,80.0,11.86,12.67,37.6,No
West,Suburban,13719,24.22,43.5,98877.0,34.36,490553.0,58.31,15.24,60.55,2.387,5.633,24.3,5.06,22.82,24.2,Yes
West,Rural,14530,25.85,43.3,47226.0,8.76,301639.0,62.67,6.13,93.54,1.724,3.745,26.5,5.66,15.52,28.0,No
Northeast,Rural,20526,36.23,43.0,49622.0,18.59,313996.0,63.05,15.28,90.44,0.812,3.951,45.4,5.86,5.0,37.3,No
West,Rural,6529,20.21,41.5,44771.0,3.01,,51.22,11.02,86.34,3.757,5.077,2.5,8.06,5.0,43.6,No
South,Urban,11157,28.49,45.6,116083.0,12.76,503010.0,81.58,25.47,29.52,-1.568,5.749,10.3,6.65,13.39,24.8,No
Northeast,Suburban,4154,30.69,39.2,,22.87,403169.0,47.69,11.28,46.41,0.006,4.558,13.0,5.48,,18.0,No
West,Rural,17667,25.05,49.0,50034.0,2.0,264734.0,83.18,4.83,66.57,-0.5,5.058,6.0,15.0,,40.1,No
South,Suburban,21015,39.97,39.8,62624.0,11.56,247574.0,77.83,5.99,68.17,,0.448,27.4,1.0,5.0,25.1,No
South,Urban,9525,37.84,35.9,,32.83,683002.0,66.89,7.18,32.8,1.335,7.002,21.6,10.53,13.49,23.1,No
Midwest,Suburban,40206,45.59,30.2,66347.0,13.95,328147.0,30.42,17.4,69.39,2.06,5.543,19.1,2.58,13.69,24.0,Yes
West,Rural,5664,28.32,43.9,64989.0,29.16,281804.0,48.23,7.88,87.81,0.506,8.006,80.0,7.79,5.0,20.8,No
West,Suburban,4793,33.82,38.7,55633.0,2.0,190670.0,46.57,,54.4,-0.555,5.0,4.5,13.69,6.59,35.7,No
Northeast,Suburban,15632,26.35,41.6,51085.0,5.93,202060.0,92.19,6.51,61.8,4.572,-0.215,19.9,4.68,13.65,14.6,No
Midwest,Urban,27804,31.77,42.8,110653.0,25.34,752122.0,66.51,30.0,10.96,6.023,3.925,12.0,1.5,11.86,29.0,Yes
South,Suburban,43423,47.08,38.9,131382.0,20.93,554484.0,69.89,12.54,71.88,1.487,4.4,5.6,10.12,20.43,30.5,Yes
South,Rural,9689,40.51,41.5,51801.0,2.0,190391.0,79.12,7.54,91.79,-0.314,7.229,2.6,5.3,5.0,22.0,No
South,Urban,28426,27.06,38.4,119578.0,21.23,579079.0,65.74,12.17,53.92,4.151,-1.211,33.9,3.44,12.87,43.9,Yes
Midwest,Suburban,13004,22.45,47.5,61661.0,2.0,260724.0,65.01,8.43,78.01,-1.694,5.124,13.6,6.89,21.61,37.0,No
South,Rural,11839,,41.6,88148.0,17.31,276840.0,66.62,4.46,86.62,0.53,6.541,26.1,15.0,19.59,,No
West,Suburban,24799,40.55,31.1,119799.0,23.24,514246.0,88.34,18.88,74.56,-0.192,3.016,11.8,4.61,43.95,26.9,No
Midwest,Suburban,21091,30.44,37.3,69509.0,14.89,359808.0,86.72,7.34,71.84,-1.119,5.224,3.7,3.96,5.0,36.9,No
Northeast,Suburban,4431,52.69,34.8,65200.0,16.2,339486.0,36.44,25.11,87.34,0.64,3.119,6.2,7.15,23.88,28.8,Yes
South,Suburban,37555,37.02,36.0,96797.0,25.53,428446.0,79.82,11.63,74.97,-0.528,2.811,7.2,2.55,9.41,42.0,Yes
Midwest,Urban,35103,30.69,40.5,49588.0,2.84,237487.0,40.54,8.52,63.42,1.225,3.775,54.1,7.59,5.0,33.7,No
South,Rural,8622,27.37,42.8,109258.0,27.04,749736.0,61.75,21.28,91.93,1.254,2.868,0.1,15.0,47.04,30.5,No
Midwest,Rural,17624,42.44,36.7,76878.0,22.93,346673.0,43.11,10.82,84.64,-0.043,7.051,63.7,,5.0,,Yes
South,Rural,18879,21.1,42.2,59741.0,12.86,240929.0,52.1,4.8,90.7,0.459,2.795,59.0,3.5,23.3,59.5,No
West,Rural,16034,47.44,32.0,59191.0,23.99,,29.66,17.85,77.02,0.738,2.291,80.0,,6.98,17.8,Yes
Midwest,Suburban,9088,24.57,42.7,45061.0,12.56,217692.0,71.01,10.78,69.79,2.82,10.304,9.7,12.61,5.0,17.1,No
South,Suburban,8348,39.94,31.8,60617.0,23.32,366010.0,71.1,23.94,70.46,0.903,7.882,49.8,15.0,5.0,25.6,Yes
South,Suburban,13122,31.59,38.5,66675.0,2.0,254962.0,89.28,10.22,77.2,2.849,-0.585,7.6,1.47,10.22,42.0,No
Midwest,Suburban,30360,34.41,36.9,50440.0,7.16,294427.0,67.94,7.79,40.14,2.372,2.706,0.4,6.04,5.0,5.0,No
Midwest,Suburban,19545,45.22,35.7,71975.0,10.53,222014.0,31.8,2.02,88.82,2.343,5.727,3.8,,7.54,9.0,Yes
West,Suburban,10306,28.34,40.9,86294.0,16.59,403487.0,72.61,10.53,76.67,3.976,5.971,43.6,2.32,5.0,24.0,Yes
Midwest,Rural,22929,31.0,43.6,67865.0,5.39,414211.0,51.47,22.83,66.94,-1.039,0.529,0.2,15.0,13.01,49.2,No
West,Suburban,1818,27.0,46.7,92222.0,22.61,401620.0,62.18,8.73,70.51,0.254,8.476,11.8,12.2,5.0,28.3,No
South,Suburban,29855,40.16,34.6,55132.0,2.0,289715.0,43.15,12.56,66.02,4.727,7.476,1.2,,5.68,16.4,Yes
South,Urban,3952,31.95,46.4,103899.0,26.32,396885.0,83.18,13.39,17.01,0.685,6.446,5.1,6.4,5.0,36.2,No
South,Suburban,10366,47.02,33.6,76315.0,8.3,455446.0,56.85,12.49,49.46,-4.43,9.07,1.4,6.81,23.84,44.6,No
Northeast,Urban,6101,32.32,40.8,125597.0,25.87,403055.0,48.4,9.11,24.91,0.794,6.357,29.4,7.54,5.0,21.6,No
West,Suburban,5397,39.8,39.6,170241.0,47.33,1091273.0,79.45,14.06,76.42,1.47,6.346,13.4,8.05,32.23,32.5,Yes
West,Suburban,30108,27.17,49.2,,10.64,235274.0,49.87,7.11,81.17,-4.034,9.673,34.9,4.4,13.6,29.6,No
West,Urban,9629,37.23,37.2,,18.72,408912.0,75.66,9.8,41.17,3.868,8.304,17.5,15.0,11.82,33.7,Yes
Northeast,Suburban,17026,37.91,33.2,67091.0,3.83,295879.0,58.34,5.05,81.64,-0.227,2.475,53.1,5.8,5.0,23.4,No
South,Urban,12928,34.5,44.1,90083.0,18.13,530655.0,55.93,26.17,42.05,1.857,6.9,10.7,8.6,5.0,34.3,No
West,Urban,18656,32.63,37.7,116318.0,34.08,497480.0,44.84,7.37,45.28,0.748,3.007,15.3,11.29,29.39,36.4,No
West,Rural,14097,35.51,38.3,58192.0,11.7,385443.0,75.86,18.11,64.82,-1.377,6.512,12.9,,5.81,35.1,No
West,Suburban,5442,28.29,38.2,83569.0,20.15,293038.0,86.13,,73.1,-0.941,6.43,9.9,10.05,5.0,11.8,No
South,Urban,26832,38.1,37.5,69732.0,21.28,258990.0,58.96,20.01,49.01,-0.67,0.85,28.1,6.24,18.11,,No
Northeast,Suburban,9455,37.41,36.3,90793.0,15.75,451433.0,80.75,5.04,68.77,3.371,4.634,15.5,15.0,9.57,21.1,Yes
Northeast,Suburban,4493,21.14,45.7,124033.0,24.45,412751.0,43.21,12.14,78.22,0.905,5.796,24.2,5.4,16.93,30.7,No
West,Urban,9900,37.1,39.1,67230.0,16.24,254392.0,61.63,16.31,18.34,0.156,3.691,23.2,4.81,5.0,33.6,No
Midwest,Suburban,38197,38.35,36.5,40763.0,2.17,276171.0,46.98,9.06,85.41,-0.669,5.944,3.2,11.05,5.0,17.5,No
Northeast,Urban,24225,,40.8,94879.0,29.25,655230.0,74.7,,21.25,3.592,7.418,15.8,15.0,8.26,31.2,Yes
Midwest,Urban,10466,32.86,40.9,54641.0,10.66,246159.0,52.51,8.3,51.1,4.128,4.908,3.3,9.36,9.44,37.5,Yes
South,Suburban,10462,36.28,33.6,69557.0,7.37,,65.84,,53.49,3.569,5.674,13.1,15.0,25.4,34.7,Yes
West,Suburban,10666,26.53,44.8,96322.0,23.43,,74.09,11.3,48.96,,9.15,17.0,1.84,5.0,23.4,No
West,Suburban,57166,41.64,38.1,81152.0,8.76,331016.0,82.95,7.37,53.89,1.78,6.42,80.0,5.44,9.38,24.3,Yes
West,Suburban,17454,37.39,43.0,70572.0,20.25,409994.0,81.92,9.44,83.33,-1.232,5.602,0.5,5.52,8.5,,No
Midwest,Rural,18052,35.14,39.8,59780.0,2.0,336896.0,30.71,6.44,83.21,0.708,2.126,1.4,11.39,12.09,45.4,No
Northeast,Suburban,27479,32.11,38.0,30000.0,9.78,208695.0,70.3,3.63,58.73,-0.168,7.013,1.2,3.64,9.88,32.7,No
Northeast,Suburban,15790,37.72,38.1,93378.0,22.37,379132.0,63.97,7.69,43.39,-2.451,5.99,7.6,9.89,14.25,11.9,No
West,Suburban,11144,38.95,40.7,66934.0,10.23,380736.0,63.77,15.75,63.35,3.314,8.851,25.9,3.02,5.0,40.3,Yes
South,Urban,11644,,39.1,124202.0,35.54,398451.0,70.26,10.91,38.91,-0.192,5.141,27.9,5.51,29.33,34.6,No
Northeast,Suburban,12706,42.81,35.8,84061.0,20.98,290395.0,46.67,8.58,30.59,3.592,-0.449,20.0,8.75,5.0,39.9,No
Midwest,Urban,13016,36.41,38.4,60512.0,20.18,182484.0,71.75,10.37,53.79,2.963,-0.1,34.1,9.38,5.0,22.4,Yes
South,Urban,22233,33.71,36.4,106234.0,34.39,743408.0,51.49,26.22,51.89,,7.207,5.8,7.26,44.96,23.8,Yes
Northeast,Rural,13854,25.43,40.1,109414.0,27.64,679361.0,38.32,25.61,95.28,2.426,3.289,1.4,5.93,11.77,19.9,Yes
Northeast,Rural,22311,45.87,36.8,67733.0,4.82,416347.0,74.22,10.46,87.61,-0.031,6.31,0.9,5.25,5.3,49.2,Yes
West,Suburban,12625,33.3,43.6,111054.0,21.0,559590.0,75.5,,71.98,,5.343,28.7,,25.7,23.0,Yes
West,Suburban,14115,37.0,39.8,60212.0,8.87,252906.0,77.46,30.0,70.86,1.286,4.499,19.7,4.11,11.02,18.4,No
West,Urban,3298,35.92,39.1,77333.0,23.45,278789.0,57.7,30.0,42.23,1.804,4.711,18.0,11.35,20.69,21.5,Yes
South,Urban,25372,25.23,39.9,89321.0,14.89,369672.0,81.07,17.41,18.96,-0.098,2.404,6.2,6.9,24.21,24.7,No
South,Urban,17026,43.18,40.3,96247.0,17.72,433485.0,72.06,10.64,38.48,-0.662,4.953,7.2,2.88,5.0,43.6,No
Midwest,Suburban,26865,36.29,40.4,90901.0,33.82,547700.0,75.3,22.91,67.35,2.155,3.247,47.6,1.95,27.92,30.8,Yes
South,Suburban,1759,31.35,38.5,65092.0,10.13,335786.0,76.42,19.34,75.24,1.635,3.883,1.0,3.01,13.88,40.3,No
South,Suburban,57633,38.35,41.2,107236.0,19.06,354944.0,56.19,14.43,73.6,,4.029,22.3,15.0,,30.9,Yes
West,Urban,12116,31.6,42.2,,18.72,215088.0,52.28,11.88,39.68,-1.677,4.32,5.6,2.71,14.23,26.2,No
West,Rural,29019,34.31,37.3,59924.0,8.9,204300.0,65.99,4.58,55.88,-1.34,7.767,0.6,3.27,5.0,17.6,No
Northeast,Suburban,6451,38.79,38.1,60233.0,2.0,279601.0,83.77,20.32,29.91,3.592,4.611,20.4,8.42,5.46,43.9,Yes
South,Suburban,20515,31.27,39.1,144205.0,44.02,970899.0,64.22,21.37,92.23,-0.027,8.071,6.0,3.64,18.89,37.9,Yes
South,Suburban,6390,36.14,47.1,56404.0,2.27,313020.0,62.24,10.01,88.56,0.522,9.614,19.2,5.72,5.0,38.8,No
Midwest,Suburban,8633,44.7,38.2,114929.0,26.89,713399.0,70.9,3.76,81.32,4.101,7.565,18.4,11.97,16.35,37.3,Yes
West,Urban,51012,31.07,41.2,49147.0,5.44,239124.0,51.78,5.4,75.37,-1.044,6.603,11.5,15.0,,20.9,No
South,Suburban,11690,31.63,41.9,,19.57,385739.0,79.78,6.37,76.36,-0.254,5.98,22.5,6.73,17.06,30.7,No
West,Suburban,15556,,43.9,81143.0,2.0,278612.0,53.64,14.58,51.01,-0.338,7.596,13.0,15.0,17.16,38.9,No
South,Urban,24564,25.64,42.1,128982.0,28.25,838864.0,74.16,11.09,44.2,4.436,5.268,5.1,15.0,20.28,37.4,No
South,Urban,18901,49.07,33.5,58160.0,17.8,356674.0,74.62,20.53,27.53,5.187,7.954,19.9,2.8,10.8,29.6,Yes
West,Urban,14843,,43.8,52800.0,17.25,193906.0,72.69,3.53,66.16,2.703,6.842,13.3,15.0,,,Yes
West,Urban,17248,46.23,35.6,70208.0,4.63,354483.0,69.6,15.38,42.01,2.767,3.92,0.2,4.23,19.54,33.3,Yes
Northeast,Rural,71853,27.42,38.6,130964.0,38.92,648206.0,45.58,11.24,84.61,0.039,7.688,34.8,2.37,32.2,41.2,Yes
West,Suburban,12831,35.33,35.6,53666.0,2.0,295182.0,81.48,18.77,82.25,5.095,5.274,11.8,,7.51,30.0,Yes
West,Suburban,15379,38.25,43.1,30000.0,,203542.0,28.52,6.39,73.7,1.735,4.682,30.4,5.86,5.0,24.3,No
West,Urban,27874,36.68,39.4,74676.0,11.39,397208.0,62.25,9.54,48.67,2.906,3.571,32.2,1.34,13.9,37.7,Yes
South,Suburban,28965,43.98,35.0,101959.0,23.36,526197.0,69.63,6.89,66.77,0.989,5.498,8.8,4.22,20.41,35.3,Yes
Midwest,Suburban,30666,35.71,38.6,51285.0,14.66,164178.0,60.49,24.79,64.6,0.664,7.989,10.6,1.43,6.51,31.5,Yes
South,Urban,20891,33.41,42.4,98398.0,23.49,319953.0,54.88,2.17,36.45,4.526,7.667,8.1,,12.34,19.5,Yes
Northeast,Suburban,6002,38.56,37.6,50890.0,5.52,190806.0,68.08,,95.66,2.279,6.06,9.0,6.93,5.0,,Yes
South,Suburban,41915,39.16,33.9,69473.0,20.07,217442.0,73.12,5.3,53.62,,6.799,33.8,8.33,13.09,20.1,Yes
West,Suburban,5988,35.13,40.4,,13.94,568495.0,75.79,5.13,43.42,1.711,8.815,23.3,5.06,7.72,35.8,Yes
South,Suburban,16512,42.95,40.7,,5.09,284417.0,71.46,5.85,60.25,-0.497,4.55,2.0,8.23,5.0,17.0,Yes
Northeast,Urban,7879,34.59,43.0,77927.0,22.94,276190.0,69.48,9.22,17.21,0.033,1.654,14.1,2.64,17.85,19.5,No
West,Suburban,12773,36.62,37.3,111886.0,29.82,709840.0,75.29,15.27,70.96,1.406,8.903,80.0,3.99,24.89,30.9,Yes
West,Suburban,16816,37.85,42.5,86325.0,13.87,312422.0,67.95,3.18,82.03,-0.053,3.411,13.6,9.31,5.0,33.8,No
South,Suburban,16729,,37.0,56827.0,2.0,238940.0,46.83,8.38,79.62,,2.929,23.1,2.29,9.69,,No
Midwest,Rural,17949,30.01,44.7,,32.0,497234.0,47.93,11.53,80.0,3.603,-0.389,22.0,4.74,43.93,22.7,Yes
South,Suburban,41340,32.33,42.0,92082.0,6.77,413377.0,62.22,14.61,54.28,0.11,6.714,6.5,8.61,22.28,39.1,No
Northeast,Urban,18351,43.19,32.5,38133.0,2.0,153243.0,48.01,1.99,34.74,1.476,0.136,7.0,2.15,5.0,29.4,Yes
South,Urban,11260,40.82,43.0,98961.0,30.98,490431.0,29.7,16.54,36.65,1.792,2.749,19.3,13.98,30.32,29.9,Yes
South,Suburban,26235,40.64,38.0,59875.0,14.11,277199.0,77.29,11.38,51.07,0.024,6.765,10.4,6.49,29.46,26.4,Yes
South,Urban,30718,29.79,42.8,78338.0,2.0,544157.0,85.44,7.72,6.23,4.102,7.166,12.7,11.59,20.72,20.8,No
West,Suburban,5657,35.68,35.3,104068.0,24.75,335484.0,53.97,7.43,86.39,-1.034,3.045,18.7,6.46,5.0,39.3,No
West,Rural,20296,26.1,43.7,60333.0,6.93,215311.0,55.27,4.51,80.74,1.723,4.598,22.5,7.83,13.75,21.6,No
South,Suburban,21825,28.17,44.9,41111.0,2.0,132019.0,52.49,2.52,60.67,1.692,2.382,4.8,4.91,16.27,45.0,Yes
Midwest,Suburban,10847,44.74,42.4,123864.0,32.01,681668.0,63.85,15.28,62.78,1.091,3.355,2.4,4.12,5.0,19.8,Yes
West,Suburban,34996,48.66,39.6,109930.0,21.04,353758.0,47.87,3.43,83.72,-1.394,5.799,5.2,2.7,29.35,,No
West,Suburban,12027,38.44,40.1,70930.0,8.91,450104.0,55.41,5.94,46.08,,3.495,10.6,10.88,8.2,28.7,No
West,Suburban,14587,35.43,34.7,98587.0,22.43,497642.0,70.94,15.69,83.18,2.687,4.267,6.3,6.21,30.3,26.9,Yes
West,Rural,11835,32.24,40.7,64261.0,5.7,328247.0,46.24,1.0,89.06,-0.151,0.606,12.6,5.64,7.85,34.8,No
West,Suburban,13506,24.98,40.7,75655.0,15.03,396914.0,57.66,6.46,70.84,2.615,8.399,0.8,1.67,14.85,35.9,Yes
South,Rural,6201,46.96,36.6,69529.0,7.61,256093.0,40.58,8.23,92.38,1.95,6.53,10.7,7.53,13.48,33.4,Yes
South,Rural,4875,42.11,33.7,65177.0,6.69,247070.0,41.34,7.72,69.07,-1.361,7.379,6.9,5.03,15.94,17.4,No
Northeast,Urban,40788,30.8,40.1,82930.0,24.48,,39.01,5.14,35.29,-0.508,8.871,11.5,,17.7,16.3,Yes
Northeast,Urban,7384,39.25,36.7,47912.0,14.35,257478.0,64.76,8.6,33.47,3.477,2.524,8.2,8.52,5.0,,Yes
West,Urban,6674,26.94,40.3,66966.0,2.0,257180.0,56.85,,55.33,1.819,3.925,5.0,14.11,6.61,25.6,No
South,Urban,2959,37.08,37.3,81639.0,22.11,282905.0,27.06,21.36,45.16,0.071,-0.685,35.2,1.44,12.84,49.2,Yes
West,Urban,8541,42.73,36.8,139153.0,45.3,957437.0,59.66,7.29,39.45,-0.517,14.421,3.1,8.52,39.59,27.5,Yes
West,Suburban,5291,36.7,39.8,48599.0,18.27,150070.0,39.21,8.25,75.44,0.169,4.551,17.2,5.67,9.49,49.0,No
South,Urban,42167,37.97,31.1,87745.0,22.21,544965.0,82.79,,61.43,0.311,8.116,38.8,4.25,7.86,27.7,No
South,Suburban,27088,31.1,33.5,,10.66,560927.0,71.45,,48.13,-0.492,1.286,11.6,,6.1,29.6,No
Midwest,Rural,8252,46.49,35.0,37916.0,7.51,158824.0,74.42,19.35,50.86,-2.284,7.989,31.4,2.64,8.53,34.0,No
Midwest,Urban,64647,42.12,36.8,84430.0,10.06,299093.0,71.34,13.85,50.93,3.48,10.573,2.0,3.89,8.86,25.1,Yes
South,Rural,26561,33.55,40.5,99518.0,18.98,356524.0,59.81,10.27,62.19,3.141,4.819,10.2,8.39,24.91,30.3,Yes
South,Urban,10642,,38.4,89861.0,21.77,520270.0,72.19,,24.69,-1.347,1.967,9.2,14.13,14.41,11.0,No
South,Urban,2322,46.61,36.0,71013.0,6.38,395629.0,51.97,7.53,46.55,1.473,4.584,0.1,12.95,24.85,19.1,No
Midwest,Suburban,66413,39.36,38.6,82177.0,7.13,503825.0,61.34,1.0,64.8,-0.604,-1.68,8.8,2.96,5.67,11.2,No
South,Suburban,5050,35.87,37.0,77609.0,18.6,523854.0,41.28,5.77,83.22,0.677,4.886,6.9,6.8,26.29,35.3,Yes
South,Rural,4222,27.09,44.9,,18.21,233505.0,88.28,14.6,41.59,0.51,7.463,16.6,7.16,12.46,14.4,No
Midwest,Suburban,27331,31.52,41.1,78249.0,25.02,283527.0,38.45,5.51,48.97,0.344,4.893,41.8,6.1,7.66,42.1,Yes
South,Rural,73705,43.96,38.5,64313.0,16.38,255565.0,59.08,17.19,81.62,5.206,4.148,1.3,1.02,5.0,31.6,Yes
Midwest,Urban,35206,23.6,43.1,57143.0,16.32,363930.0,46.87,9.86,54.24,,6.583,6.0,7.81,26.06,37.6,No
South,Urban,19825,24.59,48.9,174510.0,50.26,669634.0,86.6,12.65,49.98,-0.417,6.812,8.8,5.99,27.1,21.5,Yes
South,Suburban,20258,32.41,42.1,113370.0,29.65,372997.0,60.45,16.37,82.31,-0.325,0.02,9.1,6.56,23.91,16.8,No
South,Rural,24279,33.95,38.3,48895.0,13.09,284232.0,45.94,8.77,75.42,3.288,5.266,22.4,13.55,8.18,24.5,No
Midwest,Rural,22725,44.17,39.2,82563.0,5.48,380624.0,68.06,30.0,88.23,-2.104,12.308,8.8,15.0,13.24,38.6,No
Northeast,Suburban,16266,32.74,35.3,121821.0,30.29,813783.0,81.41,8.25,89.28,-0.325,0.995,0.4,6.05,30.77,,Yes
Midwest,Suburban,14370,40.13,38.3,43318.0,3.51,242624.0,59.74,21.47,63.21,4.094,4.744,18.6,6.89,5.0,33.1,Yes
West,Suburban,12787,40.71,38.7,75127.0,14.73,,44.3,13.12,80.06,1.688,10.825,32.4,2.77,30.61,14.8,Yes
Midwest,Suburban,7881,40.19,38.3,76376.0,10.8,518701.0,51.21,6.55,80.24,1.584,8.313,10.8,2.97,5.0,18.3,Yes
South,Rural,10976,42.88,36.1,46813.0,9.42,188854.0,77.63,12.12,80.45,5.464,3.46,13.1,15.0,5.0,13.1,Yes
South,Rural,4084,41.3,34.6,83520.0,10.18,363215.0,73.68,13.07,76.29,1.693,5.618,2.7,15.0,5.0,26.7,Yes
Northeast,Suburban,12471,26.35,39.7,108086.0,20.13,498172.0,50.63,4.51,72.61,-0.216,4.994,3.7,8.53,29.98,25.2,Yes
South,Suburban,6687,35.01,39.8,123972.0,24.14,397317.0,56.09,16.2,52.02,0.636,2.756,4.0,15.0,,26.6,No
South,Suburban,6170,,32.3,67018.0,18.48,334155.0,66.07,,83.51,-1.071,4.777,8.5,6.64,29.34,17.3,No
South,Urban,15152,45.36,41.7,175531.0,45.38,613177.0,72.37,21.93,52.42,3.712,4.16,39.5,10.02,47.73,16.3,Yes
South,Rural,35397,33.55,32.0,35586.0,2.0,163833.0,68.07,11.8,76.86,2.349,5.338,11.1,11.62,5.0,28.9,Yes
South,Suburban,25408,43.17,36.1,82840.0,13.53,364731.0,70.41,6.64,81.87,3.449,2.755,3.2,8.84,13.23,32.8,Yes
West,Rural,4449,32.2,40.7,44609.0,4.6,271729.0,48.49,11.37,90.29,,1.17,4.6,5.63,5.0,16.2,No
West,Suburban,6682,39.68,39.6,75475.0,,468902.0,77.03,9.79,70.35,0.372,4.876,7.3,7.87,5.0,32.7,No
Northeast,Rural,25810,,37.2,60920.0,2.0,220143.0,87.91,8.03,55.92,-0.69,10.145,14.6,8.87,5.0,37.5,No
Midwest,Suburban,6716,42.93,40.5,87326.0,23.32,390015.0,66.08,7.55,63.7,1.097,5.247,8.7,12.33,23.42,5.0,No
South,Urban,11415,37.6,34.5,69953.0,16.26,,59.31,9.09,53.98,-0.546,4.005,7.5,3.34,5.0,43.8,No
South,Rural,19634,37.37,37.1,54770.0,2.0,197481.0,34.34,,59.87,1.53,7.262,12.5,12.74,5.0,,Yes
West,Urban,6782,26.9,43.8,56044.0,19.87,347126.0,58.57,2.02,56.21,3.464,4.525,4.2,11.76,5.0,37.6,No
West,Suburban,14382,43.11,40.2,143826.0,39.88,838349.0,29.48,7.48,34.44,0.864,10.604,1.2,1.96,36.64,17.8,Yes
South,Rural,5251,33.37,35.8,85411.0,,321275.0,56.87,28.97,74.45,1.5,4.988,0.4,7.47,5.0,35.9,No
West,Rural,8769,33.54,47.9,40305.0,2.0,180037.0,35.73,3.86,90.69,1.012,7.101,4.3,7.63,5.0,37.0,No
West,Suburban,16711,38.14,35.9,,20.17,303564.0,73.5,30.0,61.82,2.805,2.736,1.4,4.86,10.83,21.5,Yes
West,Suburban,4380,42.86,33.2,68313.0,11.61,376597.0,37.38,14.44,76.35,-0.136,6.509,6.1,10.54,12.16,35.8,No
West,Suburban,18184,35.27,40.9,73248.0,5.27,255305.0,57.9,5.89,64.27,-3.193,5.825,22.2,11.55,,26.6,No
South,Urban,13177,33.11,39.0,97436.0,12.72,676569.0,65.02,13.99,12.63,2.142,4.83,18.9,8.14,20.86,21.8,No
Northeast,Suburban,19667,33.42,38.5,110650.0,32.15,677479.0,31.9,7.03,77.02,3.176,3.495,14.2,13.14,18.68,26.0,Yes
Midwest,Suburban,15626,37.67,40.5,54144.0,2.0,246948.0,54.51,5.58,81.1,2.093,3.086,28.7,2.95,5.0,,No
South,Suburban,34713,41.63,32.9,72373.0,15.76,384608.0,88.28,14.27,36.28,-0.08,5.847,5.0,15.0,19.61,25.0,Yes
Northeast,Suburban,14583,39.71,33.0,60407.0,8.0,401426.0,40.94,,60.72,,6.887,32.4,7.42,5.0,20.1,Yes
West,Suburban,9891,32.24,38.5,90120.0,22.76,470101.0,49.47,2.65,80.87,,4.619,7.6,15.0,22.84,31.9,No
Northeast,Urban,14553,42.71,40.4,67419.0,9.34,249315.0,61.89,14.62,40.33,1.483,5.862,7.7,10.63,20.8,33.6,No
Midwest,Suburban,19541,39.34,36.5,73882.0,16.06,333563.0,56.62,5.94,65.06,0.948,4.886,7.8,5.33,34.34,29.5,Yes
West,Urban,13824,,43.4,66529.0,5.47,423961.0,83.49,19.37,8.19,4.845,5.296,1.5,7.38,5.0,11.8,Yes
South,Suburban,13744,41.13,41.3,,12.25,392967.0,72.92,9.65,79.01,-0.694,4.399,55.6,6.91,5.0,22.2,No
South,Suburban,8173,39.13,39.1,132803.0,36.04,744081.0,66.37,6.72,61.27,4.75,5.054,2.2,10.18,26.23,,Yes
West,Rural,8399,40.39,38.9,168850.0,44.6,1092001.0,31.15,17.28,66.66,1.264,13.094,6.3,15.0,34.5,45.3,Yes
West,Suburban,5004,39.95,38.9,83448.0,19.74,548745.0,56.49,11.75,81.38,-2.471,5.935,5.8,6.49,21.71,29.2,No
South,Urban,45465,27.65,42.2,70615.0,5.27,471649.0,73.08,30.0,49.1,,6.936,1.2,15.0,,25.2,No
South,Urban,5593,27.06,40.8,41836.0,2.0,141380.0,58.05,7.16,13.89,3.119,6.314,2.5,15.0,5.0,22.4,No
Midwest,Suburban,8225,42.52,36.5,56041.0,3.55,290096.0,47.05,2.92,75.29,0.47,4.212,0.7,3.29,5.53,26.8,No
Northeast,Suburban,8079,26.23,38.9,69957.0,10.27,,57.71,,49.57,-1.75,8.882,5.2,6.37,19.32,35.5,No
West,Urban,24995,31.95,33.8,56938.0,19.29,343205.0,60.78,7.67,24.27,0.871,4.127,30.2,5.63,5.0,9.7,No
South,Urban,10867,38.06,41.9,59073.0,6.25,320581.0,43.34,3.51,44.0,-0.514,8.165,6.2,12.21,5.0,30.3,No
South,Suburban,31997,40.44,38.3,126929.0,21.14,465467.0,68.97,13.45,56.51,2.184,3.997,2.0,6.78,29.78,23.0,Yes
South,Urban,8337,36.86,39.0,,18.04,457238.0,42.2,9.62,9.98,2.747,2.12,15.6,8.26,5.0,32.3,Yes
Northeast,Rural,16241,36.34,40.3,76219.0,25.22,448201.0,53.65,9.39,82.53,-0.913,6.096,80.0,15.0,,,No
South,Suburban,7444,31.56,38.0,57758.0,2.0,193174.0,46.96,15.91,85.03,-0.212,1.686,4.0,15.0,21.41,21.0,No
West,Urban,59970,52.57,31.2,110430.0,,536164.0,76.04,8.23,31.72,2.713,6.607,4.9,15.0,19.9,14.3,Yes
South,Urban,5817,36.85,38.1,67886.0,15.16,250900.0,46.47,22.86,22.85,-0.518,1.418,53.6,5.88,5.0,25.0,Yes
West,Rural,16595,44.21,40.8,60943.0,17.94,265096.0,41.91,13.56,85.93,-0.964,4.043,3.0,15.0,16.94,40.9,No
Midwest,Suburban,20819,37.12,35.4,42055.0,15.5,129206.0,51.94,4.19,63.07,-1.157,0.705,10.7,9.05,5.0,36.4,No
Midwest,Suburban,17848,35.23,31.5,71583.0,20.78,329376.0,47.96,15.68,59.48,1.904,13.473,4.1,11.87,5.0,24.2,Yes
South,Rural,11734,,35.8,60281.0,8.58,313431.0,81.44,9.21,30.98,1.818,0.038,40.4,15.0,11.27,21.7,No
South,Rural,12199,22.45,46.7,131874.0,41.58,722449.0,48.78,30.0,61.18,-0.168,5.029,59.9,2.99,25.98,22.4,No
South,Rural,13775,59.06,27.1,139436.0,36.24,788365.0,84.06,6.33,89.74,1.21,8.43,25.3,8.94,21.23,15.0,Yes
Northeast,Suburban,12053,44.56,33.1,47460.0,14.18,301141.0,54.65,3.92,62.82,4.254,8.109,5.7,15.0,5.0,35.8,Yes
Northeast,Suburban,26231,35.91,40.0,49377.0,15.65,190686.0,72.83,6.09,87.97,-0.748,7.554,7.7,7.4,5.0,37.7,Yes
West,Urban,62778,39.47,45.9,66389.0,2.64,231161.0,47.59,7.6,35.04,-2.703,4.048,4.2,10.24,16.45,24.1,No
West,Suburban,9043,31.41,36.5,54961.0,14.15,352088.0,79.26,,37.9,2.11,9.053,33.2,6.77,5.0,23.0,No
Midwest,Suburban,5121,34.47,35.5,78912.0,13.83,286170.0,63.44,15.12,38.43,0.979,7.74,36.9,6.81,5.0,21.0,No
South,Suburban,12559,44.43,37.7,65230.0,12.11,450024.0,45.2,2.03,58.11,-0.22,5.637,8.1,10.59,9.82,23.5,No
Northeast,Rural,81291,43.31,40.6,80675.0,16.85,513912.0,81.21,5.21,90.44,2.504,5.722,16.0,14.69,27.26,20.6,Yes
West,Urban,7611,35.78,37.4,104363.0,23.93,522180.0,49.44,10.86,37.68,2.878,4.088,2.7,5.7,19.92,26.4,Yes
West,Suburban,42082,32.97,35.2,50388.0,18.56,348971.0,56.07,3.88,48.84,-3.217,2.271,8.6,15.0,10.98,35.9,No
West,Urban,43234,37.39,40.1,103603.0,12.07,351163.0,67.75,14.17,22.7,-0.105,8.711,15.0,7.89,19.42,,Yes
South,Suburban,9067,36.7,40.8,56668.0,2.0,238700.0,47.01,5.01,80.98,5.835,8.937,7.3,12.99,15.73,19.6,Yes
South,Urban,19896,46.14,41.5,155122.0,23.63,861376.0,29.34,5.81,21.31,2.367,2.348,6.6,7.59,50.66,29.5,Yes
Midwest,Urban,41767,30.2,42.9,128970.0,39.48,567471.0,81.32,3.34,44.26,2.552,4.539,0.0,10.72,20.37,34.5,Yes
South,Urban,10245,,43.4,70292.0,6.4,471904.0,47.77,3.49,44.03,3.546,4.57,24.5,7.88,10.21,18.6,No
West,Suburban,11585,33.07,39.3,52195.0,7.99,170286.0,36.86,17.71,87.81,1.234,4.902,33.0,2.38,7.28,29.4,No
South,Suburban,8891,28.7,48.7,48815.0,4.96,253723.0,66.65,11.05,62.04,,5.193,52.3,6.34,10.0,40.1,No
West,Suburban,6566,18.31,43.3,99287.0,14.56,532522.0,57.7,6.85,72.55,2.636,7.841,19.1,6.84,18.65,25.6,No
South,Rural,8480,44.64,34.8,72356.0,,405983.0,57.09,15.83,85.78,2.278,2.758,11.9,8.06,5.15,7.8,Yes
West,Suburban,5671,39.36,43.6,101154.0,21.22,,60.47,30.0,68.26,0.556,2.461,4.7,15.0,17.72,5.0,No
Midwest,Urban,13682,31.52,36.1,,38.15,705199.0,76.73,8.12,11.93,1.544,8.71,80.0,13.67,56.36,31.1,Yes
South,Rural,7793,28.21,36.0,55846.0,9.94,356002.0,67.41,24.5,94.88,,3.612,13.4,12.15,9.6,29.1,No
West,Urban,15735,42.71,37.5,47545.0,11.25,179709.0,34.81,17.27,18.25,1.226,1.211,17.1,6.59,,29.9,No
West,Rural,4495,31.34,40.6,78229.0,7.4,493427.0,29.68,10.76,75.15,,3.545,17.2,1.92,8.11,32.9,No
Midwest,Urban,16841,33.74,39.2,109170.0,31.72,573210.0,75.31,11.04,30.13,-0.381,4.01,28.0,5.55,19.93,13.2,Yes
Northeast,Rural,23943,33.45,42.9,52619.0,18.67,,93.64,30.0,64.29,0.635,9.665,0.1,14.04,5.0,19.9,No
Midwest,Urban,3308,37.78,35.9,74022.0,2.35,433356.0,65.53,3.21,20.52,-0.687,7.774,3.7,5.66,10.32,32.2,No
South,Rural,17358,29.97,41.2,118126.0,29.77,452428.0,56.14,22.64,74.09,0.19,8.443,16.4,,24.89,35.4,Yes
South,Suburban,31551,43.76,35.8,41294.0,2.0,217836.0,62.77,8.94,76.42,0.872,7.46,33.8,3.98,7.91,25.4,Yes
South,Rural,5728,34.49,37.0,79408.0,21.03,513840.0,60.45,6.98,70.07,2.005,7.839,17.3,4.06,14.94,,Yes
West,Urban,43079,45.16,36.3,60534.0,2.0,286232.0,61.05,,24.43,3.099,2.936,8.0,15.0,17.14,31.4,Yes
South,Suburban,17913,32.5,42.8,76378.0,27.52,524439.0,67.88,8.21,51.56,0.272,4.404,6.7,12.59,5.0,28.5,No
West,Rural,8155,42.83,43.5,93753.0,7.06,450845.0,59.1,2.46,90.08,3.87,2.03,20.1,11.7,13.41,17.4,Yes
West,Suburban,12848,27.13,43.6,79006.0,13.36,282141.0,49.4,20.41,72.98,3.077,4.369,20.3,10.89,16.59,8.2,No
South,Suburban,19748,45.37,28.9,51350.0,10.15,234039.0,73.48,7.26,55.0,2.208,7.052,14.0,15.0,7.9,33.7,Yes
Midwest,Suburban,14089,48.9,35.2,61363.0,4.31,417686.0,52.49,18.15,79.83,1.507,5.404,5.2,15.0,5.0,21.8,No
South,Suburban,19479,18.75,44.5,120488.0,21.53,,57.2,10.62,88.02,1.838,8.934,38.9,7.9,17.3,29.9,No
South,Suburban,7013,,39.9,82053.0,18.04,531079.0,72.63,11.35,59.7,,1.576,12.0,9.39,5.0,29.5,Yes
Midwest,Suburban,15041,32.55,40.8,98136.0,21.91,640337.0,73.25,6.96,54.26,3.647,6.501,23.4,9.48,26.8,16.5,Yes
West,Rural,4966,51.62,38.3,79825.0,15.62,351289.0,75.95,8.28,93.34,3.87,1.255,3.6,6.46,5.0,32.2,Yes
Midwest,Urban,12359,31.58,41.7,97070.0,27.83,323537.0,69.83,3.79,37.57,1.283,5.283,6.3,9.52,5.0,19.4,No
West,Urban,7095,43.0,41.8,63662.0,7.36,375493.0,70.87,17.25,62.67,2.31,7.221,31.1,7.69,12.6,13.0,Yes
South,Rural,7983,37.29,37.5,55902.0,10.65,237362.0,53.63,7.33,73.61,3.887,4.356,0.8,15.0,11.91,,Yes
Midwest,Rural,31737,31.89,40.9,95539.0,16.43,585815.0,41.34,17.02,80.76,,6.653,10.8,8.71,5.0,28.0,No
Midwest,Suburban,28678,40.85,40.2,108508.0,17.74,517650.0,29.93,1.0,49.23,0.563,2.121,9.9,6.04,25.89,43.9,Yes
Midwest,Suburban,20463,25.62,40.6,53103.0,,262385.0,70.57,20.41,66.81,1.232,0.009,20.9,15.0,,28.4,No
South,Urban,6219,36.57,36.7,59779.0,5.32,365347.0,64.33,10.21,28.79,2.999,6.671,5.0,,12.6,45.8,No
West,Urban,10705,33.77,38.0,69069.0,8.62,312844.0,45.67,13.09,43.94,3.03,10.232,3.7,6.14,10.49,42.5,Yes
West,Suburban,31231,40.5,35.6,128918.0,40.23,615262.0,62.41,1.0,50.14,0.738,2.012,39.1,15.0,28.98,33.2,Yes
South,Suburban,14753,,40.7,89062.0,16.42,,43.68,1.87,46.62,-1.817,8.667,12.7,,19.37,43.7,No
Northeast,Suburban,67746,38.39,33.0,46007.0,2.0,205621.0,77.18,30.0,67.81,,5.13,1.7,5.43,,42.6,No
South,Urban,17594,40.39,33.2,70788.0,12.97,361286.0,74.89,6.2,45.84,-0.637,0.993,3.2,7.24,12.64,39.8,No
Northeast,Rural,15282,33.37,45.6,67100.0,12.43,418381.0,75.32,27.01,79.89,-1.78,1.605,80.0,4.39,8.42,9.2,No
West,Rural,10760,37.27,36.6,48501.0,2.0,215687.0,70.37,5.76,84.27,-1.328,5.047,3.3,4.51,5.0,,No
